{"lastInput":{"dependencies":["meteor-base","mobile-experience","mongo","blaze-html-templates","reactive-var","tracker","standard-minifier-css","standard-minifier-js","es5-shim","ecmascript","shell-server","autopublish","accounts-ui","accounts-password","google-oauth","google-config-ui"],"constraints":["meteor-base@1.4.0","mobile-experience@1.0.5","mongo@1.6.2","blaze-html-templates@1.0.4","reactive-var@1.0.11","tracker@1.2.0","standard-minifier-css@1.5.3","standard-minifier-js@2.4.1","es5-shim@4.8.0","ecmascript@0.12.4","shell-server@0.4.0","autopublish@1.0.7","accounts-ui","accounts-password","google-oauth","google-config-ui","accounts-base@~1.4.3","accounts-facebook@~1.3.2","accounts-github@~1.4.2","accounts-google@~1.3.2","accounts-meetup@~1.4.2","accounts-meteor-developer@~1.4.2","accounts-oauth@~1.1.16","accounts-password@~1.5.1","accounts-twitter@~1.4.2","accounts-ui-unstyled@~1.4.2","accounts-ui@~1.3.1","accounts-weibo@~1.3.2","allow-deny@~1.1.0","appcache@~1.2.2","audit-argument-checks@~1.0.7","autopublish@~1.0.7","autoupdate@~1.6.0","babel-compiler@~7.3.4","babel-runtime@~1.3.0","base64@~1.0.11","binary-heap@~1.0.11","boilerplate-generator-tests@~1.5.0","boilerplate-generator@~1.6.0","browser-policy-common@~1.0.11","browser-policy-content@~1.1.0","browser-policy-framing@~1.1.0","browser-policy@~1.1.0","caching-compiler@~1.2.1","callback-hook@~1.1.0","check@~1.3.1","constraint-solver@~1.2.0","crosswalk@~1.7.1","ddp-client@~2.3.3","ddp-common@~1.4.0","ddp-rate-limiter@~1.0.7","ddp-server@~2.3.0","ddp@~1.4.0","deps@~1.0.12","diff-sequence@~1.1.1","disable-oplog@~1.0.7","dynamic-import@~0.5.1","ecmascript-runtime-client@~0.8.0","ecmascript-runtime-server@~0.7.1","ecmascript-runtime@~0.7.0","ecmascript@~0.12.4","ejson@~1.1.0","email@~1.2.3","es5-shim@~4.8.0","facebook-config-ui@~1.0.2","facebook-oauth@~1.6.0","facts-base@~1.0.1","facts-ui@~1.0.0","fetch@~0.1.1","force-ssl-common@~1.1.0","force-ssl@~1.1.0","geojson-utils@~1.0.10","github-config-ui@~1.0.1","github-oauth@~1.2.2","google-config-ui@~1.0.1","google-oauth@~1.2.6","hot-code-push@~1.0.4","http@~1.4.2","id-map@~1.1.0","insecure@~1.0.7","inter-process-messaging@~0.1.0","jshint@~1.1.7","jsparse@~1.0.10","launch-screen@~1.1.1","livedata@~1.0.18","localstorage@~1.2.0","logging@~1.1.20","logic-solver@~2.0.7","meetup-config-ui@~1.0.1","meetup-oauth@~1.0.4","meteor-base@~1.4.0","meteor-developer-config-ui@~1.0.1","meteor-developer-oauth@~1.2.1","meteor@~1.9.3","meyerweb-reset@~1.0.7","minifier-css@~1.4.2","minifier-js@~2.4.1","minimongo@~1.4.5","mobile-experience@~1.0.5","mobile-status-bar@~1.0.14","modern-browsers@~0.1.4","modules-runtime@~0.10.3","modules@~0.13.0","mongo-dev-server@~1.1.0","mongo-id@~1.0.7","mongo-livedata@~1.0.12","mongo@~1.6.2","npm-bcrypt@~0.9.3","npm-mongo@~3.1.2","oauth-encryption@~1.3.1","oauth@~1.2.8","oauth1@~1.2.2","oauth2@~1.2.1","observe-sequence@~1.0.16","ordered-dict@~1.1.0","package-stats-opt-out@~1.0.7","package-version-parser@~3.2.0","promise@~0.11.2","random@~1.1.0","rate-limit@~1.0.9","reactive-dict@~1.3.0","reactive-var@~1.0.11","reload-safetybelt@~1.0.12","reload@~1.3.0","retry@~1.1.0","routepolicy@~1.1.0","server-render@~0.3.1","service-configuration@~1.0.11","session@~1.2.0","sha@~1.0.9","shell-server@~0.4.0","socket-stream-client@~0.2.2","srp@~1.0.12","standard-minifier-css@~1.5.3","standard-minifier-js@~2.4.1","standard-minifiers@~1.1.0","test-helpers@~1.1.0","test-in-browser@~1.2.0","test-in-console@~1.2.2","test-server-tests-in-console-once@~1.0.11","tinytest-harness@~0.0.4","tinytest@~1.1.0","tracker@~1.2.0","twitter-config-ui@~1.0.0","twitter-oauth@~1.2.0","underscore-tests@~1.0.8","underscore@~1.0.10","url@~1.2.0","webapp-hashing@~1.0.9","webapp@~1.7.3","weibo-config-ui@~1.0.1","weibo-oauth@~1.2.1","xmlbuilder@~2.5.15"],"previousSolution":{"accounts-base":"1.4.4","accounts-password":"1.5.1","accounts-ui":"1.3.1","accounts-ui-unstyled":"1.4.2","allow-deny":"1.1.0","autopublish":"1.0.7","autoupdate":"1.6.0","babel-compiler":"7.3.4","babel-runtime":"1.3.0","base64":"1.0.11","binary-heap":"1.0.11","blaze":"2.3.3","blaze-html-templates":"1.1.2","blaze-tools":"1.0.10","boilerplate-generator":"1.6.0","caching-compiler":"1.2.1","caching-html-compiler":"1.1.3","callback-hook":"1.1.0","check":"1.3.1","ddp":"1.4.0","ddp-client":"2.3.3","ddp-common":"1.4.0","ddp-rate-limiter":"1.0.7","ddp-server":"2.3.0","deps":"1.0.12","diff-sequence":"1.1.1","dynamic-import":"0.5.1","ecmascript":"0.12.7","ecmascript-runtime":"0.7.0","ecmascript-runtime-client":"0.8.0","ecmascript-runtime-server":"0.7.1","ejson":"1.1.0","email":"1.2.3","es5-shim":"4.8.0","fetch":"0.1.1","geojson-utils":"1.0.10","google-config-ui":"1.0.1","google-oauth":"1.2.6","hot-code-push":"1.0.4","html-tools":"1.0.11","htmljs":"1.0.11","http":"1.4.2","id-map":"1.1.0","inter-process-messaging":"0.1.0","jquery":"1.11.11","launch-screen":"1.1.1","less":"2.8.0","livedata":"1.0.18","localstorage":"1.2.0","logging":"1.1.20","meteor":"1.9.3","meteor-base":"1.4.0","minifier-css":"1.4.2","minifier-js":"2.4.1","minimongo":"1.4.5","mobile-experience":"1.0.5","mobile-status-bar":"1.0.14","modern-browsers":"0.1.4","modules":"0.13.0","modules-runtime":"0.10.3","mongo":"1.6.2","mongo-decimal":"0.1.1","mongo-dev-server":"1.1.0","mongo-id":"1.0.7","npm-bcrypt":"0.9.3","npm-mongo":"3.1.2","oauth":"1.2.8","oauth2":"1.2.1","observe-sequence":"1.0.16","ordered-dict":"1.1.0","promise":"0.11.2","random":"1.1.0","rate-limit":"1.0.9","reactive-dict":"1.3.0","reactive-var":"1.0.11","reload":"1.3.0","retry":"1.1.0","routepolicy":"1.1.0","service-configuration":"1.0.11","session":"1.2.0","sha":"1.0.9","shell-server":"0.4.0","socket-stream-client":"0.2.2","spacebars":"1.0.15","spacebars-compiler":"1.1.3","srp":"1.0.12","standard-minifier-css":"1.5.3","standard-minifier-js":"2.4.1","templating":"1.3.2","templating-compiler":"1.3.3","templating-runtime":"1.3.2","templating-tools":"1.1.2","tracker":"1.2.0","ui":"1.0.13","underscore":"1.0.10","url":"1.2.0","webapp":"1.7.3","webapp-hashing":"1.0.9"}},"lastOutput":{"neededToUseUnanticipatedPrereleases":false,"answer":{"accounts-base":"1.4.4","accounts-password":"1.5.1","accounts-ui":"1.3.1","accounts-ui-unstyled":"1.4.2","allow-deny":"1.1.0","autopublish":"1.0.7","autoupdate":"1.6.0","babel-compiler":"7.3.4","babel-runtime":"1.3.0","base64":"1.0.11","binary-heap":"1.0.11","blaze":"2.3.3","blaze-html-templates":"1.1.2","blaze-tools":"1.0.10","boilerplate-generator":"1.6.0","caching-compiler":"1.2.1","caching-html-compiler":"1.1.3","callback-hook":"1.1.0","check":"1.3.1","ddp":"1.4.0","ddp-client":"2.3.3","ddp-common":"1.4.0","ddp-rate-limiter":"1.0.7","ddp-server":"2.3.0","deps":"1.0.12","diff-sequence":"1.1.1","dynamic-import":"0.5.1","ecmascript":"0.12.7","ecmascript-runtime":"0.7.0","ecmascript-runtime-client":"0.8.0","ecmascript-runtime-server":"0.7.1","ejson":"1.1.0","email":"1.2.3","es5-shim":"4.8.0","fetch":"0.1.1","geojson-utils":"1.0.10","google-config-ui":"1.0.1","google-oauth":"1.2.6","hot-code-push":"1.0.4","html-tools":"1.0.11","htmljs":"1.0.11","http":"1.4.2","id-map":"1.1.0","inter-process-messaging":"0.1.0","isobuild:compiler-plugin":"1.0.0","isobuild:dynamic-import":"1.5.0","isobuild:isopack-2":"1.0.0","isobuild:minifier-plugin":"1.0.0","jquery":"1.11.11","launch-screen":"1.1.1","less":"2.8.0","livedata":"1.0.18","localstorage":"1.2.0","logging":"1.1.20","meteor":"1.9.3","meteor-base":"1.4.0","minifier-css":"1.4.2","minifier-js":"2.4.1","minimongo":"1.4.5","mobile-experience":"1.0.5","mobile-status-bar":"1.0.14","modern-browsers":"0.1.4","modules":"0.13.0","modules-runtime":"0.10.3","mongo":"1.6.2","mongo-decimal":"0.1.1","mongo-dev-server":"1.1.0","mongo-id":"1.0.7","npm-bcrypt":"0.9.3","npm-mongo":"3.1.2","oauth":"1.2.8","oauth2":"1.2.1","observe-sequence":"1.0.16","ordered-dict":"1.1.0","promise":"0.11.2","random":"1.1.0","rate-limit":"1.0.9","reactive-dict":"1.3.0","reactive-var":"1.0.11","reload":"1.3.0","retry":"1.1.0","routepolicy":"1.1.0","service-configuration":"1.0.11","session":"1.2.0","sha":"1.0.9","shell-server":"0.4.0","socket-stream-client":"0.2.2","spacebars":"1.0.15","spacebars-compiler":"1.1.3","srp":"1.0.12","standard-minifier-css":"1.5.3","standard-minifier-js":"2.4.1","templating":"1.3.2","templating-compiler":"1.3.3","templating-runtime":"1.3.2","templating-tools":"1.1.2","tracker":"1.2.0","ui":"1.0.13","underscore":"1.0.10","url":"1.2.0","webapp":"1.7.3","webapp-hashing":"1.0.9"}}}
