{"metadata":{},"options":{"compact":false,"sourceMaps":true,"ast":true,"babelrc":false,"configFile":false,"parserOpts":{"sourceType":"module","sourceFileName":"/home/tokir/Meteor/SocialMediaProject/social-network/packages/accounts-oauth/oauth_client.js","plugins":["*","flow","jsx","asyncGenerators","bigInt","classPrivateMethods","classPrivateProperties","classProperties","doExpressions","dynamicImport","exportDefaultFrom","exportExtensions","exportNamespaceFrom","functionBind","functionSent","importMeta","nullishCoalescingOperator","numericSeparator","objectRestSpread","optionalCatchBinding","optionalChaining",["pipelineOperator",{"proposal":"minimal"}],"throwExpressions","dynamicImport","classProperties","classPrivateProperties","jsx",["flow",{}],"asyncGenerators","objectRestSpread","objectRestSpread",["flow",{}],"asyncGenerators"],"allowImportExportEverywhere":true,"allowReturnOutsideFunction":true,"strictMode":false},"caller":{"name":"meteor","arch":"web.browser"},"sourceFileName":"packages/accounts-oauth/oauth_client.js","filename":"/home/tokir/Meteor/SocialMediaProject/social-network/packages/accounts-oauth/oauth_client.js","passPerPreset":false,"envName":"development","cwd":"/home/tokir/Meteor/SocialMediaProject/social-network","root":"/home/tokir/Meteor/SocialMediaProject/social-network","plugins":[{"key":"base$0$0","visitor":{"Program":{"enter":[null]},"_exploded":true,"_verified":true},"options":{"generateLetDeclarations":true,"enforceStrictMode":false}},{"key":"transform-meteor-dynamic-import","visitor":{"_exploded":{},"_verified":{},"CallExpression":{"enter":[null]}},"options":{}},{"key":"transform-runtime","visitor":{"CallExpression":{"enter":[null]},"BinaryExpression":{"enter":[null]},"MemberExpression":{"enter":[null],"exit":[null]},"_exploded":true,"_verified":true,"Identifier":{"enter":[null]},"JSXIdentifier":{"enter":[null]}},"options":{}},{"key":"proposal-class-properties","visitor":{"PrivateName":{"enter":[null]},"ExportDefaultDeclaration":{"enter":[null]},"_exploded":true,"_verified":true,"ClassDeclaration":{"enter":[null]},"ClassExpression":{"enter":[null]}},"options":{"loose":true}},{"key":"transform-modules-commonjs","visitor":{"Program":{"exit":[null]},"_exploded":true,"_verified":true},"options":{"allowTopLevelThis":true,"strictMode":false,"loose":true}},{"key":"transform-react-jsx","visitor":{"_exploded":{},"_verified":{},"JSXNamespacedName":{"enter":[null]},"JSXSpreadChild":{"enter":[null]},"JSXElement":{"exit":[null]},"JSXFragment":{"exit":[null]},"Program":{"enter":[null],"exit":[null]},"JSXAttribute":{"enter":[null]}},"options":{"pragma":"React.createElement","pragmaFrag":"React.Fragment","throwIfNamespace":true,"useBuiltIns":false}},{"key":"transform-react-display-name","visitor":{"ExportDefaultDeclaration":{"enter":[null]},"CallExpression":{"enter":[null]},"_exploded":true,"_verified":true},"options":{}},{"key":"syntax-flow","visitor":{"_exploded":true,"_verified":true},"options":{}},{"key":"syntax-async-generators","visitor":{"_exploded":true,"_verified":true},"options":{}},{"key":"syntax-object-rest-spread","visitor":{"_exploded":true,"_verified":true},"options":{}},{"key":"transform-for-of","visitor":{"ForOfStatement":{"enter":[null]},"_exploded":true,"_verified":true},"options":{"loose":true}},{"key":"transform-literals","visitor":{"NumericLiteral":{"enter":[null]},"StringLiteral":{"enter":[null]},"_exploded":true,"_verified":true},"options":{}},{"key":"transform-template-literals","visitor":{"TaggedTemplateExpression":{"enter":[null]},"TemplateLiteral":{"enter":[null]},"_exploded":true,"_verified":true},"options":{}},{"key":"transform-parameters","visitor":{"_exploded":true,"_verified":true,"FunctionDeclaration":{"enter":[null]},"FunctionExpression":{"enter":[null]},"ObjectMethod":{"enter":[null]},"ArrowFunctionExpression":{"enter":[null]},"ClassMethod":{"enter":[null]},"ClassPrivateMethod":{"enter":[null]}},"options":{}},{"key":"proposal-object-rest-spread","visitor":{"_exploded":{},"_verified":{},"VariableDeclarator":{"enter":[null]},"ExportNamedDeclaration":{"enter":[null]},"CatchClause":{"enter":[null]},"AssignmentExpression":{"enter":[null]},"ObjectExpression":{"enter":[null]},"FunctionDeclaration":{"enter":[null]},"FunctionExpression":{"enter":[null]},"ObjectMethod":{"enter":[null]},"ArrowFunctionExpression":{"enter":[null]},"ClassMethod":{"enter":[null]},"ClassPrivateMethod":{"enter":[null]},"ForInStatement":{"enter":[null]},"ForOfStatement":{"enter":[null]}},"options":{}},{"key":"transform-flow-strip-types","visitor":{"_exploded":{},"_verified":{},"Program":{"enter":[null]},"ImportDeclaration":{"enter":[null,null]},"ClassProperty":{"enter":[null]},"ClassPrivateProperty":{"enter":[null]},"AssignmentPattern":{"enter":[null]},"TypeCastExpression":{"enter":[null,null]},"CallExpression":{"enter":[null]},"OptionalCallExpression":{"enter":[null]},"NewExpression":{"enter":[null]},"ImportSpecifier":{"enter":[null]},"ClassDeclaration":{"enter":[null]},"ClassExpression":{"enter":[null]},"FunctionDeclaration":{"enter":[null]},"FunctionExpression":{"enter":[null]},"ObjectMethod":{"enter":[null]},"ArrowFunctionExpression":{"enter":[null]},"ClassMethod":{"enter":[null]},"ClassPrivateMethod":{"enter":[null]},"AnyTypeAnnotation":{"enter":[null]},"ArrayTypeAnnotation":{"enter":[null]},"BooleanTypeAnnotation":{"enter":[null]},"BooleanLiteralTypeAnnotation":{"enter":[null]},"NullLiteralTypeAnnotation":{"enter":[null]},"ClassImplements":{"enter":[null]},"DeclareClass":{"enter":[null]},"DeclareFunction":{"enter":[null]},"DeclareInterface":{"enter":[null]},"DeclareModule":{"enter":[null]},"DeclareModuleExports":{"enter":[null]},"DeclareTypeAlias":{"enter":[null]},"DeclareOpaqueType":{"enter":[null]},"DeclareVariable":{"enter":[null]},"DeclareExportDeclaration":{"enter":[null]},"DeclareExportAllDeclaration":{"enter":[null]},"DeclaredPredicate":{"enter":[null]},"ExistsTypeAnnotation":{"enter":[null]},"FunctionTypeAnnotation":{"enter":[null]},"FunctionTypeParam":{"enter":[null]},"GenericTypeAnnotation":{"enter":[null]},"InferredPredicate":{"enter":[null]},"InterfaceExtends":{"enter":[null]},"InterfaceDeclaration":{"enter":[null]},"InterfaceTypeAnnotation":{"enter":[null]},"IntersectionTypeAnnotation":{"enter":[null]},"MixedTypeAnnotation":{"enter":[null]},"EmptyTypeAnnotation":{"enter":[null]},"NullableTypeAnnotation":{"enter":[null]},"NumberLiteralTypeAnnotation":{"enter":[null]},"NumberTypeAnnotation":{"enter":[null]},"ObjectTypeAnnotation":{"enter":[null]},"ObjectTypeInternalSlot":{"enter":[null]},"ObjectTypeCallProperty":{"enter":[null]},"ObjectTypeIndexer":{"enter":[null]},"ObjectTypeProperty":{"enter":[null]},"ObjectTypeSpreadProperty":{"enter":[null]},"OpaqueType":{"enter":[null]},"QualifiedTypeIdentifier":{"enter":[null]},"StringLiteralTypeAnnotation":{"enter":[null]},"StringTypeAnnotation":{"enter":[null]},"ThisTypeAnnotation":{"enter":[null]},"TupleTypeAnnotation":{"enter":[null]},"TypeofTypeAnnotation":{"enter":[null]},"TypeAlias":{"enter":[null]},"TypeAnnotation":{"enter":[null]},"TypeParameter":{"enter":[null]},"TypeParameterDeclaration":{"enter":[null]},"TypeParameterInstantiation":{"enter":[null]},"UnionTypeAnnotation":{"enter":[null]},"Variance":{"enter":[null]},"VoidTypeAnnotation":{"enter":[null]},"ExportAllDeclaration":{"enter":[null]},"ExportDefaultDeclaration":{"enter":[null]},"ExportNamedDeclaration":{"enter":[null]}},"options":{}},{"key":"transform-exponentiation-operator","visitor":{"AssignmentExpression":{"enter":[null]},"BinaryExpression":{"enter":[null]},"_exploded":true,"_verified":true},"options":{}},{"key":"proposal-async-generator-functions","visitor":{"_exploded":{},"_verified":{},"Program":{"enter":[null]}},"options":{}}],"presets":[],"generatorOpts":{"filename":"/home/tokir/Meteor/SocialMediaProject/social-network/packages/accounts-oauth/oauth_client.js","comments":true,"compact":false,"sourceMaps":true,"sourceFileName":"packages/accounts-oauth/oauth_client.js"}},"code":"// Documentation for Meteor.loginWithExternalService\n\n/**\n * @name loginWith<ExternalService>\n * @memberOf Meteor\n * @function\n * @summary Log the user in using an external service.\n * @locus Client\n * @param {Object} [options]\n * @param {String[]} options.requestPermissions A list of permissions to request from the user.\n * @param {Boolean} options.requestOfflineToken If true, asks the user for permission to act on their behalf when offline. This stores an additional offline token in the `services` field of the user document. Currently only supported with Google.\n * @param {Object} options.loginUrlParameters Provide additional parameters to the authentication URI. Currently only supported with Google. See [Google Identity Platform documentation](https://developers.google.com/identity/protocols/OpenIDConnect#authenticationuriparameters).\n * @param {String} options.loginHint An email address that the external service will use to pre-fill the login prompt. Currently only supported with Meteor developer accounts and Google accounts. If used with Google, the Google User ID can also be passed.\n * @param {String} options.loginStyle Login style (\"popup\" or \"redirect\", defaults to the login service configuration).  The \"popup\" style opens the login page in a separate popup window, which is generally preferred because the Meteor application doesn't need to be reloaded.  The \"redirect\" style redirects the Meteor application's window to the login page, and the login service provider redirects back to the Meteor application which is then reloaded.  The \"redirect\" style can be used in situations where a popup window can't be opened, such as in a mobile UIWebView.  The \"redirect\" style however relies on session storage which isn't available in Safari private mode, so the \"popup\" style will be forced if session storage can't be used.\n * @param {String} options.redirectUrl If using \"redirect\" login style, the user will be returned to this URL after authorisation has been completed.\n * @param {Function} [callback] Optional callback. Called with no arguments on success, or with a single `Error` argument on failure. The callback cannot be called if you are using the \"redirect\" `loginStyle`, because the app will have reloaded in the meantime; try using [client-side login hooks](#accounts_onlogin) instead.\n * @importFromPackage meteor\n */\n// Allow server to specify a specify subclass of errors. We should come\n// up with a more generic way to do this!\nconst convertError = err => {\n  if (err && err instanceof Meteor.Error && err.error === Accounts.LoginCancelledError.numericError) return new Accounts.LoginCancelledError(err.reason);else return err;\n}; // For the redirect login flow, the final step is that we're\n// redirected back to the application.  The credentialToken for this\n// login attempt is stored in the reload migration data, and the\n// credentialSecret for a successful login is stored in session\n// storage.\n\n\nMeteor.startup(() => {\n  const oauth = OAuth.getDataAfterRedirect();\n  if (!oauth) return; // We'll only have the credentialSecret if the login completed\n  // successfully.  However we still call the login method anyway to\n  // retrieve the error if the login was unsuccessful.\n\n  const methodName = 'login';\n  const {\n    credentialToken,\n    credentialSecret\n  } = oauth;\n  const methodArguments = [{\n    oauth: {\n      credentialToken,\n      credentialSecret\n    }\n  }];\n  Accounts.callLoginMethod({\n    methodArguments,\n    userCallback: err => {\n      // The redirect login flow is complete.  Construct an\n      // `attemptInfo` object with the login result, and report back\n      // to the code which initiated the login attempt\n      // (e.g. accounts-ui, when that package is being used).\n      err = convertError(err);\n\n      Accounts._pageLoadLogin({\n        type: oauth.loginService,\n        allowed: !err,\n        error: err,\n        methodName,\n        methodArguments\n      });\n    }\n  });\n}); // Send an OAuth login method to the server. If the user authorized\n// access in the popup this should log the user in, otherwise\n// nothing should happen.\n\nAccounts.oauth.tryLoginAfterPopupClosed = (credentialToken, callback) => {\n  const credentialSecret = OAuth._retrieveCredentialSecret(credentialToken) || null;\n  Accounts.callLoginMethod({\n    methodArguments: [{\n      oauth: {\n        credentialToken,\n        credentialSecret\n      }\n    }],\n    userCallback: callback && (err => callback(convertError(err)))\n  });\n};\n\nAccounts.oauth.credentialRequestCompleteHandler = callback => credentialTokenOrError => {\n  if (credentialTokenOrError && credentialTokenOrError instanceof Error) {\n    callback && callback(credentialTokenOrError);\n  } else {\n    Accounts.oauth.tryLoginAfterPopupClosed(credentialTokenOrError, callback);\n  }\n};","map":{"version":3,"sources":["packages/accounts-oauth/oauth_client.js"],"names":["convertError","err","Meteor","Error","error","Accounts","LoginCancelledError","numericError","reason","startup","oauth","OAuth","getDataAfterRedirect","methodName","credentialToken","credentialSecret","methodArguments","callLoginMethod","userCallback","_pageLoadLogin","type","loginService","allowed","tryLoginAfterPopupClosed","callback","_retrieveCredentialSecret","credentialRequestCompleteHandler","credentialTokenOrError"],"mappings":"AAAA;;AAEA;;;;;;;;;;;;;;;;AAiBA;AACA;AACA,MAAMA,YAAY,GAAGC,GAAG,IAAI;AAC1B,MAAIA,GAAG,IAAIA,GAAG,YAAYC,MAAM,CAACC,KAA7B,IACAF,GAAG,CAACG,KAAJ,KAAcC,QAAQ,CAACC,mBAAT,CAA6BC,YAD/C,EAEE,OAAO,IAAIF,QAAQ,CAACC,mBAAb,CAAiCL,GAAG,CAACO,MAArC,CAAP,CAFF,KAIE,OAAOP,GAAP;AACH,CAND,C,CASA;AACA;AACA;AACA;AACA;;;AAEAC,MAAM,CAACO,OAAP,CAAe,MAAM;AACnB,QAAMC,KAAK,GAAGC,KAAK,CAACC,oBAAN,EAAd;AACA,MAAI,CAAEF,KAAN,EACE,OAHiB,CAKnB;AACA;AACA;;AAEA,QAAMG,UAAU,GAAG,OAAnB;AACA,QAAM;AAAEC,IAAAA,eAAF;AAAmBC,IAAAA;AAAnB,MAAwCL,KAA9C;AACA,QAAMM,eAAe,GAAG,CAAC;AAAEN,IAAAA,KAAK,EAAE;AAAEI,MAAAA,eAAF;AAAmBC,MAAAA;AAAnB;AAAT,GAAD,CAAxB;AAEAV,EAAAA,QAAQ,CAACY,eAAT,CAAyB;AACvBD,IAAAA,eADuB;AAEvBE,IAAAA,YAAY,EAAEjB,GAAG,IAAI;AACnB;AACA;AACA;AACA;AACAA,MAAAA,GAAG,GAAGD,YAAY,CAACC,GAAD,CAAlB;;AACAI,MAAAA,QAAQ,CAACc,cAAT,CAAwB;AACtBC,QAAAA,IAAI,EAAEV,KAAK,CAACW,YADU;AAEtBC,QAAAA,OAAO,EAAE,CAACrB,GAFY;AAGtBG,QAAAA,KAAK,EAAEH,GAHe;AAItBY,QAAAA,UAJsB;AAKtBG,QAAAA;AALsB,OAAxB;AAOD;AAfsB,GAAzB;AAiBD,CA9BD,E,CAiCA;AACA;AACA;;AACAX,QAAQ,CAACK,KAAT,CAAea,wBAAf,GAA0C,CAACT,eAAD,EAAkBU,QAAlB,KAA+B;AACvE,QAAMT,gBAAgB,GAAGJ,KAAK,CAACc,yBAAN,CAAgCX,eAAhC,KAAoD,IAA7E;AACAT,EAAAA,QAAQ,CAACY,eAAT,CAAyB;AACvBD,IAAAA,eAAe,EAAE,CAAC;AAACN,MAAAA,KAAK,EAAE;AAAEI,QAAAA,eAAF;AAAmBC,QAAAA;AAAnB;AAAR,KAAD,CADM;AAEvBG,IAAAA,YAAY,EAAEM,QAAQ,KAAKvB,GAAG,IAAIuB,QAAQ,CAACxB,YAAY,CAACC,GAAD,CAAb,CAApB;AAFC,GAAzB;AAID,CAND;;AAQAI,QAAQ,CAACK,KAAT,CAAegB,gCAAf,GAAkDF,QAAQ,IACxDG,sBAAsB,IAAI;AACxB,MAAGA,sBAAsB,IAAIA,sBAAsB,YAAYxB,KAA/D,EAAsE;AACpEqB,IAAAA,QAAQ,IAAIA,QAAQ,CAACG,sBAAD,CAApB;AACD,GAFD,MAEO;AACLtB,IAAAA,QAAQ,CAACK,KAAT,CAAea,wBAAf,CAAwCI,sBAAxC,EAAgEH,QAAhE;AACD;AACF,CAPH","sourcesContent":["// Documentation for Meteor.loginWithExternalService\n\n/**\n * @name loginWith<ExternalService>\n * @memberOf Meteor\n * @function\n * @summary Log the user in using an external service.\n * @locus Client\n * @param {Object} [options]\n * @param {String[]} options.requestPermissions A list of permissions to request from the user.\n * @param {Boolean} options.requestOfflineToken If true, asks the user for permission to act on their behalf when offline. This stores an additional offline token in the `services` field of the user document. Currently only supported with Google.\n * @param {Object} options.loginUrlParameters Provide additional parameters to the authentication URI. Currently only supported with Google. See [Google Identity Platform documentation](https://developers.google.com/identity/protocols/OpenIDConnect#authenticationuriparameters).\n * @param {String} options.loginHint An email address that the external service will use to pre-fill the login prompt. Currently only supported with Meteor developer accounts and Google accounts. If used with Google, the Google User ID can also be passed.\n * @param {String} options.loginStyle Login style (\"popup\" or \"redirect\", defaults to the login service configuration).  The \"popup\" style opens the login page in a separate popup window, which is generally preferred because the Meteor application doesn't need to be reloaded.  The \"redirect\" style redirects the Meteor application's window to the login page, and the login service provider redirects back to the Meteor application which is then reloaded.  The \"redirect\" style can be used in situations where a popup window can't be opened, such as in a mobile UIWebView.  The \"redirect\" style however relies on session storage which isn't available in Safari private mode, so the \"popup\" style will be forced if session storage can't be used.\n * @param {String} options.redirectUrl If using \"redirect\" login style, the user will be returned to this URL after authorisation has been completed.\n * @param {Function} [callback] Optional callback. Called with no arguments on success, or with a single `Error` argument on failure. The callback cannot be called if you are using the \"redirect\" `loginStyle`, because the app will have reloaded in the meantime; try using [client-side login hooks](#accounts_onlogin) instead.\n * @importFromPackage meteor\n */\n\n// Allow server to specify a specify subclass of errors. We should come\n// up with a more generic way to do this!\nconst convertError = err => {\n  if (err && err instanceof Meteor.Error &&\n      err.error === Accounts.LoginCancelledError.numericError)\n    return new Accounts.LoginCancelledError(err.reason);\n  else\n    return err;\n};\n\n\n// For the redirect login flow, the final step is that we're\n// redirected back to the application.  The credentialToken for this\n// login attempt is stored in the reload migration data, and the\n// credentialSecret for a successful login is stored in session\n// storage.\n\nMeteor.startup(() => {\n  const oauth = OAuth.getDataAfterRedirect();\n  if (! oauth)\n    return;\n\n  // We'll only have the credentialSecret if the login completed\n  // successfully.  However we still call the login method anyway to\n  // retrieve the error if the login was unsuccessful.\n\n  const methodName = 'login';\n  const { credentialToken, credentialSecret } = oauth;\n  const methodArguments = [{ oauth: { credentialToken, credentialSecret } }];\n\n  Accounts.callLoginMethod({\n    methodArguments,\n    userCallback: err => {\n      // The redirect login flow is complete.  Construct an\n      // `attemptInfo` object with the login result, and report back\n      // to the code which initiated the login attempt\n      // (e.g. accounts-ui, when that package is being used).\n      err = convertError(err);\n      Accounts._pageLoadLogin({\n        type: oauth.loginService,\n        allowed: !err,\n        error: err,\n        methodName,\n        methodArguments,\n      });\n    }\n  });\n});\n\n\n// Send an OAuth login method to the server. If the user authorized\n// access in the popup this should log the user in, otherwise\n// nothing should happen.\nAccounts.oauth.tryLoginAfterPopupClosed = (credentialToken, callback) => {\n  const credentialSecret = OAuth._retrieveCredentialSecret(credentialToken) || null;\n  Accounts.callLoginMethod({\n    methodArguments: [{oauth: { credentialToken, credentialSecret }}],\n    userCallback: callback && (err => callback(convertError(err))),\n    });\n};\n\nAccounts.oauth.credentialRequestCompleteHandler = callback => \n  credentialTokenOrError => {\n    if(credentialTokenOrError && credentialTokenOrError instanceof Error) {\n      callback && callback(credentialTokenOrError);\n    } else {\n      Accounts.oauth.tryLoginAfterPopupClosed(credentialTokenOrError, callback);\n    }\n  }\n\n"]},"sourceType":"script","hash":"002a772b7b5a21089f0f0f75f30b9c4b8ead391f"}
