{"metadata":{},"options":{"compact":false,"sourceMaps":true,"ast":true,"babelrc":false,"configFile":false,"parserOpts":{"sourceType":"module","sourceFileName":"/home/tokir/Meteor/SocialMediaProject/social-network/packages/autoupdate/client_versions.js","plugins":["*","flow","jsx","asyncGenerators","bigInt","classPrivateMethods","classPrivateProperties","classProperties","doExpressions","dynamicImport","exportDefaultFrom","exportExtensions","exportNamespaceFrom","functionBind","functionSent","importMeta","nullishCoalescingOperator","numericSeparator","objectRestSpread","optionalCatchBinding","optionalChaining",["pipelineOperator",{"proposal":"minimal"}],"throwExpressions","jsx",["flow",{}],["flow",{}],"objectRestSpread","objectRestSpread","dynamicImport","asyncGenerators","classProperties","classPrivateProperties"],"allowImportExportEverywhere":true,"allowReturnOutsideFunction":true,"strictMode":false},"caller":{"name":"meteor","arch":"os.linux.x86_64"},"sourceFileName":"packages/autoupdate/client_versions.js","filename":"/home/tokir/Meteor/SocialMediaProject/social-network/packages/autoupdate/client_versions.js","passPerPreset":false,"envName":"development","cwd":"/home/tokir/Meteor/SocialMediaProject/social-network","root":"/home/tokir/Meteor/SocialMediaProject/social-network","plugins":[{"key":"transform-react-jsx","visitor":{"_exploded":{},"_verified":{},"JSXNamespacedName":{"enter":[null]},"JSXSpreadChild":{"enter":[null]},"JSXElement":{"exit":[null]},"JSXFragment":{"exit":[null]},"Program":{"enter":[null],"exit":[null]},"JSXAttribute":{"enter":[null]}},"options":{"pragma":"React.createElement","pragmaFrag":"React.Fragment","throwIfNamespace":true,"useBuiltIns":false}},{"key":"transform-react-display-name","visitor":{"ExportDefaultDeclaration":{"enter":[null]},"CallExpression":{"enter":[null]},"_exploded":true,"_verified":true},"options":{}},{"key":"base$0$0","visitor":{"Program":{"enter":[null]},"_exploded":true,"_verified":true},"options":{"generateLetDeclarations":true,"enforceStrictMode":false}},{"key":"syntax-flow","visitor":{"_exploded":true,"_verified":true},"options":{}},{"key":"transform-flow-strip-types","visitor":{"_exploded":{},"_verified":{},"Program":{"enter":[null]},"ImportDeclaration":{"enter":[null,null]},"ClassProperty":{"enter":[null]},"ClassPrivateProperty":{"enter":[null]},"AssignmentPattern":{"enter":[null]},"TypeCastExpression":{"enter":[null,null]},"CallExpression":{"enter":[null]},"OptionalCallExpression":{"enter":[null]},"NewExpression":{"enter":[null]},"ImportSpecifier":{"enter":[null]},"ClassDeclaration":{"enter":[null]},"ClassExpression":{"enter":[null]},"FunctionDeclaration":{"enter":[null]},"FunctionExpression":{"enter":[null]},"ObjectMethod":{"enter":[null]},"ArrowFunctionExpression":{"enter":[null]},"ClassMethod":{"enter":[null]},"ClassPrivateMethod":{"enter":[null]},"AnyTypeAnnotation":{"enter":[null]},"ArrayTypeAnnotation":{"enter":[null]},"BooleanTypeAnnotation":{"enter":[null]},"BooleanLiteralTypeAnnotation":{"enter":[null]},"NullLiteralTypeAnnotation":{"enter":[null]},"ClassImplements":{"enter":[null]},"DeclareClass":{"enter":[null]},"DeclareFunction":{"enter":[null]},"DeclareInterface":{"enter":[null]},"DeclareModule":{"enter":[null]},"DeclareModuleExports":{"enter":[null]},"DeclareTypeAlias":{"enter":[null]},"DeclareOpaqueType":{"enter":[null]},"DeclareVariable":{"enter":[null]},"DeclareExportDeclaration":{"enter":[null]},"DeclareExportAllDeclaration":{"enter":[null]},"DeclaredPredicate":{"enter":[null]},"ExistsTypeAnnotation":{"enter":[null]},"FunctionTypeAnnotation":{"enter":[null]},"FunctionTypeParam":{"enter":[null]},"GenericTypeAnnotation":{"enter":[null]},"InferredPredicate":{"enter":[null]},"InterfaceExtends":{"enter":[null]},"InterfaceDeclaration":{"enter":[null]},"InterfaceTypeAnnotation":{"enter":[null]},"IntersectionTypeAnnotation":{"enter":[null]},"MixedTypeAnnotation":{"enter":[null]},"EmptyTypeAnnotation":{"enter":[null]},"NullableTypeAnnotation":{"enter":[null]},"NumberLiteralTypeAnnotation":{"enter":[null]},"NumberTypeAnnotation":{"enter":[null]},"ObjectTypeAnnotation":{"enter":[null]},"ObjectTypeInternalSlot":{"enter":[null]},"ObjectTypeCallProperty":{"enter":[null]},"ObjectTypeIndexer":{"enter":[null]},"ObjectTypeProperty":{"enter":[null]},"ObjectTypeSpreadProperty":{"enter":[null]},"OpaqueType":{"enter":[null]},"QualifiedTypeIdentifier":{"enter":[null]},"StringLiteralTypeAnnotation":{"enter":[null]},"StringTypeAnnotation":{"enter":[null]},"ThisTypeAnnotation":{"enter":[null]},"TupleTypeAnnotation":{"enter":[null]},"TypeofTypeAnnotation":{"enter":[null]},"TypeAlias":{"enter":[null]},"TypeAnnotation":{"enter":[null]},"TypeParameter":{"enter":[null]},"TypeParameterDeclaration":{"enter":[null]},"TypeParameterInstantiation":{"enter":[null]},"UnionTypeAnnotation":{"enter":[null]},"Variance":{"enter":[null]},"VoidTypeAnnotation":{"enter":[null]},"ExportAllDeclaration":{"enter":[null]},"ExportDefaultDeclaration":{"enter":[null]},"ExportNamedDeclaration":{"enter":[null]}},"options":{}},{"key":"transform-runtime","visitor":{"CallExpression":{"enter":[null]},"BinaryExpression":{"enter":[null]},"MemberExpression":{"enter":[null],"exit":[null]},"_exploded":true,"_verified":true,"Identifier":{"enter":[null]},"JSXIdentifier":{"enter":[null]}},"options":{}},{"key":"syntax-object-rest-spread","visitor":{"_exploded":true,"_verified":true},"options":{}},{"key":"proposal-object-rest-spread","visitor":{"_exploded":{},"_verified":{},"VariableDeclarator":{"enter":[null]},"ExportNamedDeclaration":{"enter":[null]},"CatchClause":{"enter":[null]},"AssignmentExpression":{"enter":[null]},"ObjectExpression":{"enter":[null]},"FunctionDeclaration":{"enter":[null]},"FunctionExpression":{"enter":[null]},"ObjectMethod":{"enter":[null]},"ArrowFunctionExpression":{"enter":[null]},"ClassMethod":{"enter":[null]},"ClassPrivateMethod":{"enter":[null]},"ForInStatement":{"enter":[null]},"ForOfStatement":{"enter":[null]}},"options":{}},{"key":"transform-meteor-async-await","visitor":{"AwaitExpression":{"enter":[null]},"_exploded":true,"_verified":true,"FunctionDeclaration":{"exit":[null]},"FunctionExpression":{"exit":[null]},"ObjectMethod":{"exit":[null]},"ArrowFunctionExpression":{"exit":[null]},"ClassMethod":{"exit":[null]},"ClassPrivateMethod":{"exit":[null]}},"options":{"useNativeAsyncAwait":false}},{"key":"transform-meteor-dynamic-import","visitor":{"_exploded":{},"_verified":{},"CallExpression":{"enter":[null]}},"options":{}},{"key":"proposal-async-generator-functions","visitor":{"_exploded":{},"_verified":{},"Program":{"enter":[null]}},"options":{}},{"key":"transform-modules-commonjs","visitor":{"Program":{"exit":[null]},"_exploded":true,"_verified":true},"options":{"allowTopLevelThis":true,"strictMode":false,"loose":true}},{"key":"proposal-class-properties","visitor":{"PrivateName":{"enter":[null]},"ExportDefaultDeclaration":{"enter":[null]},"_exploded":true,"_verified":true,"ClassDeclaration":{"enter":[null]},"ClassExpression":{"enter":[null]}},"options":{"loose":true}}],"presets":[],"generatorOpts":{"filename":"/home/tokir/Meteor/SocialMediaProject/social-network/packages/autoupdate/client_versions.js","comments":true,"compact":false,"sourceMaps":true,"sourceFileName":"packages/autoupdate/client_versions.js"}},"code":"var _interopRequireDefault = require(\"@babel/runtime/helpers/interopRequireDefault\");\n\nvar _objectSpread2 = _interopRequireDefault(require(\"@babel/runtime/helpers/objectSpread\"));\n\nmodule.export({\n  ClientVersions: () => ClientVersions\n});\nlet Tracker;\nmodule.link(\"meteor/tracker\", {\n  Tracker(v) {\n    Tracker = v;\n  }\n\n}, 0);\n\nclass ClientVersions {\n  constructor() {\n    this._versions = new Map();\n    this._watchCallbacks = new Set();\n  } // Creates a Livedata store for use with `Meteor.connection.registerStore`.\n  // After the store is registered, document updates reported by Livedata are\n  // merged with the documents in this `ClientVersions` instance.\n\n\n  createStore() {\n    return {\n      update: ({\n        id,\n        msg,\n        fields\n      }) => {\n        if (msg === \"added\" || msg === \"changed\") {\n          this.set(id, fields);\n        }\n      }\n    };\n  }\n\n  hasVersions() {\n    return this._versions.size > 0;\n  }\n\n  get(id) {\n    return this._versions.get(id);\n  } // Adds or updates a version document and invokes registered callbacks for the\n  // added/updated document. If a document with the given ID already exists, its\n  // fields are merged with `fields`.\n\n\n  set(id, fields) {\n    let version = this._versions.get(id);\n\n    let isNew = false;\n\n    if (version) {\n      Object.assign(version, fields);\n    } else {\n      version = (0, _objectSpread2.default)({\n        _id: id\n      }, fields);\n      isNew = true;\n\n      this._versions.set(id, version);\n    }\n\n    this._watchCallbacks.forEach(({\n      fn,\n      filter\n    }) => {\n      if (!filter || filter === version._id) {\n        fn(version, isNew);\n      }\n    });\n  } // Registers a callback that will be invoked when a version document is added\n  // or changed. Calling the function returned by `watch` removes the callback.\n  // If `skipInitial` is true, the callback isn't be invoked for existing\n  // documents. If `filter` is set, the callback is only invoked for documents\n  // with ID `filter`.\n\n\n  watch(fn, {\n    skipInitial,\n    filter\n  } = {}) {\n    if (!skipInitial) {\n      const resolved = Promise.resolve();\n\n      this._versions.forEach(version => {\n        if (!filter || filter === version._id) {\n          resolved.then(() => fn(version, true));\n        }\n      });\n    }\n\n    const callback = {\n      fn,\n      filter\n    };\n\n    this._watchCallbacks.add(callback);\n\n    return () => this._watchCallbacks.delete(callback);\n  } // A reactive data source for `Autoupdate.newClientAvailable`.\n\n\n  newClientAvailable(id, fields, currentVersion) {\n    function isNewVersion(version) {\n      return version._id === id && fields.some(field => version[field] !== currentVersion[field]);\n    }\n\n    const dependency = new Tracker.Dependency();\n    const version = this.get(id);\n    dependency.depend();\n    const stop = this.watch(version => {\n      if (isNewVersion(version)) {\n        dependency.changed();\n        stop();\n      }\n    }, {\n      skipInitial: true\n    });\n    return !!version && isNewVersion(version);\n  }\n\n}","map":{"version":3,"sources":["packages/autoupdate/client_versions.js"],"names":["module","export","ClientVersions","Tracker","link","v","constructor","_versions","Map","_watchCallbacks","Set","createStore","update","id","msg","fields","set","hasVersions","size","get","version","isNew","Object","assign","_id","forEach","fn","filter","watch","skipInitial","resolved","Promise","resolve","then","callback","add","delete","newClientAvailable","currentVersion","isNewVersion","some","field","dependency","Dependency","depend","stop","changed"],"mappings":";;;;AAAAA,MAAM,CAACC,MAAP,CAAc;AAACC,EAAAA,cAAc,EAAC,MAAIA;AAApB,CAAd;AAAmD,IAAIC,OAAJ;AAAYH,MAAM,CAACI,IAAP,CAAY,gBAAZ,EAA6B;AAACD,EAAAA,OAAO,CAACE,CAAD,EAAG;AAACF,IAAAA,OAAO,GAACE,CAAR;AAAU;;AAAtB,CAA7B,EAAqD,CAArD;;AAExD,MAAMH,cAAN,CAAqB;AAC1BI,EAAAA,WAAW,GAAG;AACZ,SAAKC,SAAL,GAAiB,IAAIC,GAAJ,EAAjB;AACA,SAAKC,eAAL,GAAuB,IAAIC,GAAJ,EAAvB;AACD,GAJyB,CAM1B;AACA;AACA;;;AACAC,EAAAA,WAAW,GAAG;AACZ,WAAO;AACLC,MAAAA,MAAM,EAAE,CAAC;AAAEC,QAAAA,EAAF;AAAMC,QAAAA,GAAN;AAAWC,QAAAA;AAAX,OAAD,KAAyB;AAC/B,YAAID,GAAG,KAAK,OAAR,IAAmBA,GAAG,KAAK,SAA/B,EAA0C;AACxC,eAAKE,GAAL,CAASH,EAAT,EAAaE,MAAb;AACD;AACF;AALI,KAAP;AAOD;;AAEDE,EAAAA,WAAW,GAAG;AACZ,WAAO,KAAKV,SAAL,CAAeW,IAAf,GAAsB,CAA7B;AACD;;AAEDC,EAAAA,GAAG,CAACN,EAAD,EAAK;AACN,WAAO,KAAKN,SAAL,CAAeY,GAAf,CAAmBN,EAAnB,CAAP;AACD,GAzByB,CA2B1B;AACA;AACA;;;AACAG,EAAAA,GAAG,CAACH,EAAD,EAAKE,MAAL,EAAa;AACd,QAAIK,OAAO,GAAG,KAAKb,SAAL,CAAeY,GAAf,CAAmBN,EAAnB,CAAd;;AACA,QAAIQ,KAAK,GAAG,KAAZ;;AAEA,QAAID,OAAJ,EAAa;AACXE,MAAAA,MAAM,CAACC,MAAP,CAAcH,OAAd,EAAuBL,MAAvB;AACD,KAFD,MAEO;AACLK,MAAAA,OAAO;AACLI,QAAAA,GAAG,EAAEX;AADA,SAEFE,MAFE,CAAP;AAKAM,MAAAA,KAAK,GAAG,IAAR;;AACA,WAAKd,SAAL,CAAeS,GAAf,CAAmBH,EAAnB,EAAuBO,OAAvB;AACD;;AAED,SAAKX,eAAL,CAAqBgB,OAArB,CAA6B,CAAC;AAAEC,MAAAA,EAAF;AAAMC,MAAAA;AAAN,KAAD,KAAoB;AAC/C,UAAI,CAAEA,MAAF,IAAYA,MAAM,KAAKP,OAAO,CAACI,GAAnC,EAAwC;AACtCE,QAAAA,EAAE,CAACN,OAAD,EAAUC,KAAV,CAAF;AACD;AACF,KAJD;AAKD,GAnDyB,CAqD1B;AACA;AACA;AACA;AACA;;;AACAO,EAAAA,KAAK,CAACF,EAAD,EAAK;AAAEG,IAAAA,WAAF;AAAeF,IAAAA;AAAf,MAA0B,EAA/B,EAAmC;AACtC,QAAI,CAAEE,WAAN,EAAmB;AACjB,YAAMC,QAAQ,GAAGC,OAAO,CAACC,OAAR,EAAjB;;AAEA,WAAKzB,SAAL,CAAekB,OAAf,CAAwBL,OAAD,IAAa;AAClC,YAAI,CAAEO,MAAF,IAAYA,MAAM,KAAKP,OAAO,CAACI,GAAnC,EAAwC;AACtCM,UAAAA,QAAQ,CAACG,IAAT,CAAc,MAAMP,EAAE,CAACN,OAAD,EAAU,IAAV,CAAtB;AACD;AACF,OAJD;AAKD;;AAED,UAAMc,QAAQ,GAAG;AAAER,MAAAA,EAAF;AAAMC,MAAAA;AAAN,KAAjB;;AACA,SAAKlB,eAAL,CAAqB0B,GAArB,CAAyBD,QAAzB;;AAEA,WAAO,MAAM,KAAKzB,eAAL,CAAqB2B,MAArB,CAA4BF,QAA5B,CAAb;AACD,GAzEyB,CA2E1B;;;AACAG,EAAAA,kBAAkB,CAACxB,EAAD,EAAKE,MAAL,EAAauB,cAAb,EAA6B;AAC7C,aAASC,YAAT,CAAsBnB,OAAtB,EAA+B;AAC7B,aACEA,OAAO,CAACI,GAAR,KAAgBX,EAAhB,IACAE,MAAM,CAACyB,IAAP,CAAaC,KAAD,IAAWrB,OAAO,CAACqB,KAAD,CAAP,KAAmBH,cAAc,CAACG,KAAD,CAAxD,CAFF;AAID;;AAED,UAAMC,UAAU,GAAG,IAAIvC,OAAO,CAACwC,UAAZ,EAAnB;AACA,UAAMvB,OAAO,GAAG,KAAKD,GAAL,CAASN,EAAT,CAAhB;AAEA6B,IAAAA,UAAU,CAACE,MAAX;AAEA,UAAMC,IAAI,GAAG,KAAKjB,KAAL,CACVR,OAAD,IAAa;AACX,UAAImB,YAAY,CAACnB,OAAD,CAAhB,EAA2B;AACzBsB,QAAAA,UAAU,CAACI,OAAX;AACAD,QAAAA,IAAI;AACL;AACF,KANU,EAOX;AAAEhB,MAAAA,WAAW,EAAE;AAAf,KAPW,CAAb;AAUA,WAAO,CAAC,CAAET,OAAH,IAAcmB,YAAY,CAACnB,OAAD,CAAjC;AACD;;AApGyB","sourcesContent":["import { Tracker } from \"meteor/tracker\";\n\nexport class ClientVersions {\n  constructor() {\n    this._versions = new Map();\n    this._watchCallbacks = new Set();\n  }\n\n  // Creates a Livedata store for use with `Meteor.connection.registerStore`.\n  // After the store is registered, document updates reported by Livedata are\n  // merged with the documents in this `ClientVersions` instance.\n  createStore() {\n    return {\n      update: ({ id, msg, fields }) => {\n        if (msg === \"added\" || msg === \"changed\") {\n          this.set(id, fields);\n        }\n      }\n    };\n  }\n\n  hasVersions() {\n    return this._versions.size > 0;\n  }\n\n  get(id) {\n    return this._versions.get(id);\n  }\n\n  // Adds or updates a version document and invokes registered callbacks for the\n  // added/updated document. If a document with the given ID already exists, its\n  // fields are merged with `fields`.\n  set(id, fields) {\n    let version = this._versions.get(id);\n    let isNew = false;\n\n    if (version) {\n      Object.assign(version, fields);\n    } else {\n      version = {\n        _id: id,\n        ...fields\n      };\n\n      isNew = true;\n      this._versions.set(id, version);\n    }\n\n    this._watchCallbacks.forEach(({ fn, filter }) => {\n      if (! filter || filter === version._id) {\n        fn(version, isNew);\n      }\n    });\n  }\n\n  // Registers a callback that will be invoked when a version document is added\n  // or changed. Calling the function returned by `watch` removes the callback.\n  // If `skipInitial` is true, the callback isn't be invoked for existing\n  // documents. If `filter` is set, the callback is only invoked for documents\n  // with ID `filter`.\n  watch(fn, { skipInitial, filter } = {}) {\n    if (! skipInitial) {\n      const resolved = Promise.resolve();\n\n      this._versions.forEach((version) => {\n        if (! filter || filter === version._id) {\n          resolved.then(() => fn(version, true));\n        }\n      });\n    }\n\n    const callback = { fn, filter };\n    this._watchCallbacks.add(callback);\n\n    return () => this._watchCallbacks.delete(callback);\n  }\n\n  // A reactive data source for `Autoupdate.newClientAvailable`.\n  newClientAvailable(id, fields, currentVersion) {\n    function isNewVersion(version) {\n      return (\n        version._id === id &&\n        fields.some((field) => version[field] !== currentVersion[field])\n      );\n    }\n\n    const dependency = new Tracker.Dependency();\n    const version = this.get(id);\n\n    dependency.depend();\n\n    const stop = this.watch(\n      (version) => {\n        if (isNewVersion(version)) {\n          dependency.changed();\n          stop();\n        }\n      },\n      { skipInitial: true }\n    );\n\n    return !! version && isNewVersion(version);\n  }\n}\n"]},"sourceType":"script","hash":"304947861545b491b70dbb8e049f9878f6fa8d5c"}
