{"metadata":{},"options":{"compact":false,"sourceMaps":true,"ast":true,"babelrc":false,"configFile":false,"parserOpts":{"sourceType":"module","sourceFileName":"/home/tokir/Meteor/SocialMediaProject/social-network/packages/check/isPlainObject.js","plugins":["*","flow","jsx","asyncGenerators","bigInt","classPrivateMethods","classPrivateProperties","classProperties","doExpressions","dynamicImport","exportDefaultFrom","exportExtensions","exportNamespaceFrom","functionBind","functionSent","importMeta","nullishCoalescingOperator","numericSeparator","objectRestSpread","optionalCatchBinding","optionalChaining",["pipelineOperator",{"proposal":"minimal"}],"throwExpressions","dynamicImport","classProperties","classPrivateProperties","jsx",["flow",{}],"asyncGenerators","objectRestSpread","objectRestSpread",["flow",{}],"asyncGenerators"],"allowImportExportEverywhere":true,"allowReturnOutsideFunction":true,"strictMode":false},"caller":{"name":"meteor","arch":"web.browser"},"sourceFileName":"packages/check/isPlainObject.js","filename":"/home/tokir/Meteor/SocialMediaProject/social-network/packages/check/isPlainObject.js","passPerPreset":false,"envName":"development","cwd":"/home/tokir/Meteor/SocialMediaProject/social-network","root":"/home/tokir/Meteor/SocialMediaProject/social-network","plugins":[{"key":"base$0$0","visitor":{"Program":{"enter":[null]},"_exploded":true,"_verified":true},"options":{"generateLetDeclarations":true,"enforceStrictMode":false}},{"key":"transform-meteor-dynamic-import","visitor":{"_exploded":{},"_verified":{},"CallExpression":{"enter":[null]}},"options":{}},{"key":"transform-runtime","visitor":{"CallExpression":{"enter":[null]},"BinaryExpression":{"enter":[null]},"MemberExpression":{"enter":[null],"exit":[null]},"_exploded":true,"_verified":true,"Identifier":{"enter":[null]},"JSXIdentifier":{"enter":[null]}},"options":{}},{"key":"proposal-class-properties","visitor":{"PrivateName":{"enter":[null]},"ExportDefaultDeclaration":{"enter":[null]},"_exploded":true,"_verified":true,"ClassDeclaration":{"enter":[null]},"ClassExpression":{"enter":[null]}},"options":{"loose":true}},{"key":"transform-modules-commonjs","visitor":{"Program":{"exit":[null]},"_exploded":true,"_verified":true},"options":{"allowTopLevelThis":true,"strictMode":false,"loose":true}},{"key":"transform-react-jsx","visitor":{"_exploded":{},"_verified":{},"JSXNamespacedName":{"enter":[null]},"JSXSpreadChild":{"enter":[null]},"JSXElement":{"exit":[null]},"JSXFragment":{"exit":[null]},"Program":{"enter":[null],"exit":[null]},"JSXAttribute":{"enter":[null]}},"options":{"pragma":"React.createElement","pragmaFrag":"React.Fragment","throwIfNamespace":true,"useBuiltIns":false}},{"key":"transform-react-display-name","visitor":{"ExportDefaultDeclaration":{"enter":[null]},"CallExpression":{"enter":[null]},"_exploded":true,"_verified":true},"options":{}},{"key":"syntax-flow","visitor":{"_exploded":true,"_verified":true},"options":{}},{"key":"syntax-async-generators","visitor":{"_exploded":true,"_verified":true},"options":{}},{"key":"syntax-object-rest-spread","visitor":{"_exploded":true,"_verified":true},"options":{}},{"key":"transform-for-of","visitor":{"ForOfStatement":{"enter":[null]},"_exploded":true,"_verified":true},"options":{"loose":true}},{"key":"transform-literals","visitor":{"NumericLiteral":{"enter":[null]},"StringLiteral":{"enter":[null]},"_exploded":true,"_verified":true},"options":{}},{"key":"transform-template-literals","visitor":{"TaggedTemplateExpression":{"enter":[null]},"TemplateLiteral":{"enter":[null]},"_exploded":true,"_verified":true},"options":{}},{"key":"transform-parameters","visitor":{"_exploded":true,"_verified":true,"FunctionDeclaration":{"enter":[null]},"FunctionExpression":{"enter":[null]},"ObjectMethod":{"enter":[null]},"ArrowFunctionExpression":{"enter":[null]},"ClassMethod":{"enter":[null]},"ClassPrivateMethod":{"enter":[null]}},"options":{}},{"key":"proposal-object-rest-spread","visitor":{"_exploded":{},"_verified":{},"VariableDeclarator":{"enter":[null]},"ExportNamedDeclaration":{"enter":[null]},"CatchClause":{"enter":[null]},"AssignmentExpression":{"enter":[null]},"ObjectExpression":{"enter":[null]},"FunctionDeclaration":{"enter":[null]},"FunctionExpression":{"enter":[null]},"ObjectMethod":{"enter":[null]},"ArrowFunctionExpression":{"enter":[null]},"ClassMethod":{"enter":[null]},"ClassPrivateMethod":{"enter":[null]},"ForInStatement":{"enter":[null]},"ForOfStatement":{"enter":[null]}},"options":{}},{"key":"transform-flow-strip-types","visitor":{"_exploded":{},"_verified":{},"Program":{"enter":[null]},"ImportDeclaration":{"enter":[null,null]},"ClassProperty":{"enter":[null]},"ClassPrivateProperty":{"enter":[null]},"AssignmentPattern":{"enter":[null]},"TypeCastExpression":{"enter":[null,null]},"CallExpression":{"enter":[null]},"OptionalCallExpression":{"enter":[null]},"NewExpression":{"enter":[null]},"ImportSpecifier":{"enter":[null]},"ClassDeclaration":{"enter":[null]},"ClassExpression":{"enter":[null]},"FunctionDeclaration":{"enter":[null]},"FunctionExpression":{"enter":[null]},"ObjectMethod":{"enter":[null]},"ArrowFunctionExpression":{"enter":[null]},"ClassMethod":{"enter":[null]},"ClassPrivateMethod":{"enter":[null]},"AnyTypeAnnotation":{"enter":[null]},"ArrayTypeAnnotation":{"enter":[null]},"BooleanTypeAnnotation":{"enter":[null]},"BooleanLiteralTypeAnnotation":{"enter":[null]},"NullLiteralTypeAnnotation":{"enter":[null]},"ClassImplements":{"enter":[null]},"DeclareClass":{"enter":[null]},"DeclareFunction":{"enter":[null]},"DeclareInterface":{"enter":[null]},"DeclareModule":{"enter":[null]},"DeclareModuleExports":{"enter":[null]},"DeclareTypeAlias":{"enter":[null]},"DeclareOpaqueType":{"enter":[null]},"DeclareVariable":{"enter":[null]},"DeclareExportDeclaration":{"enter":[null]},"DeclareExportAllDeclaration":{"enter":[null]},"DeclaredPredicate":{"enter":[null]},"ExistsTypeAnnotation":{"enter":[null]},"FunctionTypeAnnotation":{"enter":[null]},"FunctionTypeParam":{"enter":[null]},"GenericTypeAnnotation":{"enter":[null]},"InferredPredicate":{"enter":[null]},"InterfaceExtends":{"enter":[null]},"InterfaceDeclaration":{"enter":[null]},"InterfaceTypeAnnotation":{"enter":[null]},"IntersectionTypeAnnotation":{"enter":[null]},"MixedTypeAnnotation":{"enter":[null]},"EmptyTypeAnnotation":{"enter":[null]},"NullableTypeAnnotation":{"enter":[null]},"NumberLiteralTypeAnnotation":{"enter":[null]},"NumberTypeAnnotation":{"enter":[null]},"ObjectTypeAnnotation":{"enter":[null]},"ObjectTypeInternalSlot":{"enter":[null]},"ObjectTypeCallProperty":{"enter":[null]},"ObjectTypeIndexer":{"enter":[null]},"ObjectTypeProperty":{"enter":[null]},"ObjectTypeSpreadProperty":{"enter":[null]},"OpaqueType":{"enter":[null]},"QualifiedTypeIdentifier":{"enter":[null]},"StringLiteralTypeAnnotation":{"enter":[null]},"StringTypeAnnotation":{"enter":[null]},"ThisTypeAnnotation":{"enter":[null]},"TupleTypeAnnotation":{"enter":[null]},"TypeofTypeAnnotation":{"enter":[null]},"TypeAlias":{"enter":[null]},"TypeAnnotation":{"enter":[null]},"TypeParameter":{"enter":[null]},"TypeParameterDeclaration":{"enter":[null]},"TypeParameterInstantiation":{"enter":[null]},"UnionTypeAnnotation":{"enter":[null]},"Variance":{"enter":[null]},"VoidTypeAnnotation":{"enter":[null]},"ExportAllDeclaration":{"enter":[null]},"ExportDefaultDeclaration":{"enter":[null]},"ExportNamedDeclaration":{"enter":[null]}},"options":{}},{"key":"transform-exponentiation-operator","visitor":{"AssignmentExpression":{"enter":[null]},"BinaryExpression":{"enter":[null]},"_exploded":true,"_verified":true},"options":{}},{"key":"proposal-async-generator-functions","visitor":{"_exploded":{},"_verified":{},"Program":{"enter":[null]}},"options":{}}],"presets":[],"generatorOpts":{"filename":"/home/tokir/Meteor/SocialMediaProject/social-network/packages/check/isPlainObject.js","comments":true,"compact":false,"sourceMaps":true,"sourceFileName":"packages/check/isPlainObject.js"}},"code":"module.export({\n  isPlainObject: () => isPlainObject\n});\n// Copy of jQuery.isPlainObject for the server side from jQuery v3.1.1.\nconst class2type = {};\nconst toString = class2type.toString;\nconst hasOwn = Object.prototype.hasOwnProperty;\nconst fnToString = hasOwn.toString;\nconst ObjectFunctionString = fnToString.call(Object);\nconst getProto = Object.getPrototypeOf;\n\nconst isPlainObject = obj => {\n  let proto;\n  let Ctor; // Detect obvious negatives\n  // Use toString instead of jQuery.type to catch host objects\n\n  if (!obj || toString.call(obj) !== '[object Object]') {\n    return false;\n  }\n\n  proto = getProto(obj); // Objects with no prototype (e.g., `Object.create( null )`) are plain\n\n  if (!proto) {\n    return true;\n  } // Objects with prototype are plain iff they were constructed by a global Object function\n\n\n  Ctor = hasOwn.call(proto, 'constructor') && proto.constructor;\n  return typeof Ctor === 'function' && fnToString.call(Ctor) === ObjectFunctionString;\n};","map":{"version":3,"sources":["packages/check/isPlainObject.js"],"names":["module","export","isPlainObject","class2type","toString","hasOwn","Object","prototype","hasOwnProperty","fnToString","ObjectFunctionString","call","getProto","getPrototypeOf","obj","proto","Ctor","constructor"],"mappings":"AAAAA,MAAM,CAACC,MAAP,CAAc;AAACC,EAAAA,aAAa,EAAC,MAAIA;AAAnB,CAAd;AAAA;AAEA,MAAMC,UAAU,GAAG,EAAnB;AAEA,MAAMC,QAAQ,GAAGD,UAAU,CAACC,QAA5B;AAEA,MAAMC,MAAM,GAAGC,MAAM,CAACC,SAAP,CAAiBC,cAAhC;AAEA,MAAMC,UAAU,GAAGJ,MAAM,CAACD,QAA1B;AAEA,MAAMM,oBAAoB,GAAGD,UAAU,CAACE,IAAX,CAAgBL,MAAhB,CAA7B;AAEA,MAAMM,QAAQ,GAAGN,MAAM,CAACO,cAAxB;;AAEO,MAAMX,aAAa,GAAGY,GAAG,IAAI;AAClC,MAAIC,KAAJ;AACA,MAAIC,IAAJ,CAFkC,CAIlC;AACA;;AACA,MAAI,CAACF,GAAD,IAAQV,QAAQ,CAACO,IAAT,CAAcG,GAAd,MAAuB,iBAAnC,EAAsD;AACpD,WAAO,KAAP;AACD;;AAEDC,EAAAA,KAAK,GAAGH,QAAQ,CAACE,GAAD,CAAhB,CAVkC,CAYlC;;AACA,MAAI,CAACC,KAAL,EAAY;AACV,WAAO,IAAP;AACD,GAfiC,CAiBlC;;;AACAC,EAAAA,IAAI,GAAGX,MAAM,CAACM,IAAP,CAAYI,KAAZ,EAAmB,aAAnB,KAAqCA,KAAK,CAACE,WAAlD;AACA,SAAO,OAAOD,IAAP,KAAgB,UAAhB,IACLP,UAAU,CAACE,IAAX,CAAgBK,IAAhB,MAA0BN,oBAD5B;AAED,CArBM","sourcesContent":["// Copy of jQuery.isPlainObject for the server side from jQuery v3.1.1.\n\nconst class2type = {};\n\nconst toString = class2type.toString;\n\nconst hasOwn = Object.prototype.hasOwnProperty;\n\nconst fnToString = hasOwn.toString;\n\nconst ObjectFunctionString = fnToString.call(Object);\n\nconst getProto = Object.getPrototypeOf;\n\nexport const isPlainObject = obj => {\n  let proto;\n  let Ctor;\n\n  // Detect obvious negatives\n  // Use toString instead of jQuery.type to catch host objects\n  if (!obj || toString.call(obj) !== '[object Object]') {\n    return false;\n  }\n\n  proto = getProto(obj);\n\n  // Objects with no prototype (e.g., `Object.create( null )`) are plain\n  if (!proto) {\n    return true;\n  }\n\n  // Objects with prototype are plain iff they were constructed by a global Object function\n  Ctor = hasOwn.call(proto, 'constructor') && proto.constructor;\n  return typeof Ctor === 'function' && \n    fnToString.call(Ctor) === ObjectFunctionString;\n};\n"]},"sourceType":"script","hash":"37e0c14c56e6d3f3a0cb6b9f44c04f3cd258be2f"}
