{"metadata":{},"options":{"compact":false,"sourceMaps":true,"ast":true,"babelrc":false,"configFile":false,"parserOpts":{"sourceType":"module","sourceFileName":"/home/tokir/Meteor/SocialMediaProject/social-network/packages/reactive-dict/migration.js","plugins":["*","flow","jsx","asyncGenerators","bigInt","classPrivateMethods","classPrivateProperties","classProperties","doExpressions","dynamicImport","exportDefaultFrom","exportExtensions","exportNamespaceFrom","functionBind","functionSent","importMeta","nullishCoalescingOperator","numericSeparator","objectRestSpread","optionalCatchBinding","optionalChaining",["pipelineOperator",{"proposal":"minimal"}],"throwExpressions","dynamicImport","classProperties","classPrivateProperties","jsx",["flow",{}],"asyncGenerators","objectRestSpread","objectRestSpread",["flow",{}],"asyncGenerators"],"allowImportExportEverywhere":true,"allowReturnOutsideFunction":true,"strictMode":false},"caller":{"name":"meteor","arch":"web.browser"},"sourceFileName":"packages/reactive-dict/migration.js","filename":"/home/tokir/Meteor/SocialMediaProject/social-network/packages/reactive-dict/migration.js","passPerPreset":false,"envName":"development","cwd":"/home/tokir/Meteor/SocialMediaProject/social-network","root":"/home/tokir/Meteor/SocialMediaProject/social-network","plugins":[{"key":"base$0$0","visitor":{"Program":{"enter":[null]},"_exploded":true,"_verified":true},"options":{"generateLetDeclarations":true,"enforceStrictMode":false}},{"key":"transform-meteor-dynamic-import","visitor":{"_exploded":{},"_verified":{},"CallExpression":{"enter":[null]}},"options":{}},{"key":"transform-runtime","visitor":{"CallExpression":{"enter":[null]},"BinaryExpression":{"enter":[null]},"MemberExpression":{"enter":[null],"exit":[null]},"_exploded":true,"_verified":true,"Identifier":{"enter":[null]},"JSXIdentifier":{"enter":[null]}},"options":{}},{"key":"proposal-class-properties","visitor":{"PrivateName":{"enter":[null]},"ExportDefaultDeclaration":{"enter":[null]},"_exploded":true,"_verified":true,"ClassDeclaration":{"enter":[null]},"ClassExpression":{"enter":[null]}},"options":{"loose":true}},{"key":"transform-modules-commonjs","visitor":{"Program":{"exit":[null]},"_exploded":true,"_verified":true},"options":{"allowTopLevelThis":true,"strictMode":false,"loose":true}},{"key":"transform-react-jsx","visitor":{"_exploded":{},"_verified":{},"JSXNamespacedName":{"enter":[null]},"JSXSpreadChild":{"enter":[null]},"JSXElement":{"exit":[null]},"JSXFragment":{"exit":[null]},"Program":{"enter":[null],"exit":[null]},"JSXAttribute":{"enter":[null]}},"options":{"pragma":"React.createElement","pragmaFrag":"React.Fragment","throwIfNamespace":true,"useBuiltIns":false}},{"key":"transform-react-display-name","visitor":{"ExportDefaultDeclaration":{"enter":[null]},"CallExpression":{"enter":[null]},"_exploded":true,"_verified":true},"options":{}},{"key":"syntax-flow","visitor":{"_exploded":true,"_verified":true},"options":{}},{"key":"syntax-async-generators","visitor":{"_exploded":true,"_verified":true},"options":{}},{"key":"syntax-object-rest-spread","visitor":{"_exploded":true,"_verified":true},"options":{}},{"key":"transform-for-of","visitor":{"ForOfStatement":{"enter":[null]},"_exploded":true,"_verified":true},"options":{"loose":true}},{"key":"transform-literals","visitor":{"NumericLiteral":{"enter":[null]},"StringLiteral":{"enter":[null]},"_exploded":true,"_verified":true},"options":{}},{"key":"transform-template-literals","visitor":{"TaggedTemplateExpression":{"enter":[null]},"TemplateLiteral":{"enter":[null]},"_exploded":true,"_verified":true},"options":{}},{"key":"transform-parameters","visitor":{"_exploded":true,"_verified":true,"FunctionDeclaration":{"enter":[null]},"FunctionExpression":{"enter":[null]},"ObjectMethod":{"enter":[null]},"ArrowFunctionExpression":{"enter":[null]},"ClassMethod":{"enter":[null]},"ClassPrivateMethod":{"enter":[null]}},"options":{}},{"key":"proposal-object-rest-spread","visitor":{"_exploded":{},"_verified":{},"VariableDeclarator":{"enter":[null]},"ExportNamedDeclaration":{"enter":[null]},"CatchClause":{"enter":[null]},"AssignmentExpression":{"enter":[null]},"ObjectExpression":{"enter":[null]},"FunctionDeclaration":{"enter":[null]},"FunctionExpression":{"enter":[null]},"ObjectMethod":{"enter":[null]},"ArrowFunctionExpression":{"enter":[null]},"ClassMethod":{"enter":[null]},"ClassPrivateMethod":{"enter":[null]},"ForInStatement":{"enter":[null]},"ForOfStatement":{"enter":[null]}},"options":{}},{"key":"transform-flow-strip-types","visitor":{"_exploded":{},"_verified":{},"Program":{"enter":[null]},"ImportDeclaration":{"enter":[null,null]},"ClassProperty":{"enter":[null]},"ClassPrivateProperty":{"enter":[null]},"AssignmentPattern":{"enter":[null]},"TypeCastExpression":{"enter":[null,null]},"CallExpression":{"enter":[null]},"OptionalCallExpression":{"enter":[null]},"NewExpression":{"enter":[null]},"ImportSpecifier":{"enter":[null]},"ClassDeclaration":{"enter":[null]},"ClassExpression":{"enter":[null]},"FunctionDeclaration":{"enter":[null]},"FunctionExpression":{"enter":[null]},"ObjectMethod":{"enter":[null]},"ArrowFunctionExpression":{"enter":[null]},"ClassMethod":{"enter":[null]},"ClassPrivateMethod":{"enter":[null]},"AnyTypeAnnotation":{"enter":[null]},"ArrayTypeAnnotation":{"enter":[null]},"BooleanTypeAnnotation":{"enter":[null]},"BooleanLiteralTypeAnnotation":{"enter":[null]},"NullLiteralTypeAnnotation":{"enter":[null]},"ClassImplements":{"enter":[null]},"DeclareClass":{"enter":[null]},"DeclareFunction":{"enter":[null]},"DeclareInterface":{"enter":[null]},"DeclareModule":{"enter":[null]},"DeclareModuleExports":{"enter":[null]},"DeclareTypeAlias":{"enter":[null]},"DeclareOpaqueType":{"enter":[null]},"DeclareVariable":{"enter":[null]},"DeclareExportDeclaration":{"enter":[null]},"DeclareExportAllDeclaration":{"enter":[null]},"DeclaredPredicate":{"enter":[null]},"ExistsTypeAnnotation":{"enter":[null]},"FunctionTypeAnnotation":{"enter":[null]},"FunctionTypeParam":{"enter":[null]},"GenericTypeAnnotation":{"enter":[null]},"InferredPredicate":{"enter":[null]},"InterfaceExtends":{"enter":[null]},"InterfaceDeclaration":{"enter":[null]},"InterfaceTypeAnnotation":{"enter":[null]},"IntersectionTypeAnnotation":{"enter":[null]},"MixedTypeAnnotation":{"enter":[null]},"EmptyTypeAnnotation":{"enter":[null]},"NullableTypeAnnotation":{"enter":[null]},"NumberLiteralTypeAnnotation":{"enter":[null]},"NumberTypeAnnotation":{"enter":[null]},"ObjectTypeAnnotation":{"enter":[null]},"ObjectTypeInternalSlot":{"enter":[null]},"ObjectTypeCallProperty":{"enter":[null]},"ObjectTypeIndexer":{"enter":[null]},"ObjectTypeProperty":{"enter":[null]},"ObjectTypeSpreadProperty":{"enter":[null]},"OpaqueType":{"enter":[null]},"QualifiedTypeIdentifier":{"enter":[null]},"StringLiteralTypeAnnotation":{"enter":[null]},"StringTypeAnnotation":{"enter":[null]},"ThisTypeAnnotation":{"enter":[null]},"TupleTypeAnnotation":{"enter":[null]},"TypeofTypeAnnotation":{"enter":[null]},"TypeAlias":{"enter":[null]},"TypeAnnotation":{"enter":[null]},"TypeParameter":{"enter":[null]},"TypeParameterDeclaration":{"enter":[null]},"TypeParameterInstantiation":{"enter":[null]},"UnionTypeAnnotation":{"enter":[null]},"Variance":{"enter":[null]},"VoidTypeAnnotation":{"enter":[null]},"ExportAllDeclaration":{"enter":[null]},"ExportDefaultDeclaration":{"enter":[null]},"ExportNamedDeclaration":{"enter":[null]}},"options":{}},{"key":"transform-exponentiation-operator","visitor":{"AssignmentExpression":{"enter":[null]},"BinaryExpression":{"enter":[null]},"_exploded":true,"_verified":true},"options":{}},{"key":"proposal-async-generator-functions","visitor":{"_exploded":{},"_verified":{},"Program":{"enter":[null]}},"options":{}}],"presets":[],"generatorOpts":{"filename":"/home/tokir/Meteor/SocialMediaProject/social-network/packages/reactive-dict/migration.js","comments":true,"compact":false,"sourceMaps":true,"sourceFileName":"packages/reactive-dict/migration.js"}},"code":"module.export({\n  ReactiveDict: () => ReactiveDict\n});\nlet ReactiveDict;\nmodule.link(\"./reactive-dict\", {\n  ReactiveDict(v) {\n    ReactiveDict = v;\n  }\n\n}, 0);\nconst hasOwn = Object.prototype.hasOwnProperty;\nReactiveDict._migratedDictData = {}; // name -> data\n\nReactiveDict._dictsToMigrate = {}; // name -> ReactiveDict\n\nReactiveDict._loadMigratedDict = function (dictName) {\n  if (hasOwn.call(ReactiveDict._migratedDictData, dictName)) {\n    const data = ReactiveDict._migratedDictData[dictName];\n    delete ReactiveDict._migratedDictData[dictName];\n    return data;\n  }\n\n  return null;\n};\n\nReactiveDict._registerDictForMigrate = function (dictName, dict) {\n  if (hasOwn.call(ReactiveDict._dictsToMigrate, dictName)) throw new Error(\"Duplicate ReactiveDict name: \" + dictName);\n  ReactiveDict._dictsToMigrate[dictName] = dict;\n};\n\nif (Meteor.isClient && Package.reload) {\n  // Put old migrated data into ReactiveDict._migratedDictData,\n  // where it can be accessed by ReactiveDict._loadMigratedDict.\n  var migrationData = Package.reload.Reload._migrationData('reactive-dict');\n\n  if (migrationData && migrationData.dicts) ReactiveDict._migratedDictData = migrationData.dicts; // On migration, assemble the data from all the dicts that have been\n  // registered.\n\n  Package.reload.Reload._onMigrate('reactive-dict', function () {\n    var dictsToMigrate = ReactiveDict._dictsToMigrate;\n    var dataToMigrate = {};\n\n    for (var dictName in dictsToMigrate) dataToMigrate[dictName] = dictsToMigrate[dictName]._getMigrationData();\n\n    return [true, {\n      dicts: dataToMigrate\n    }];\n  });\n}","map":{"version":3,"sources":["packages/reactive-dict/migration.js"],"names":["module","export","ReactiveDict","link","v","hasOwn","Object","prototype","hasOwnProperty","_migratedDictData","_dictsToMigrate","_loadMigratedDict","dictName","call","data","_registerDictForMigrate","dict","Error","Meteor","isClient","Package","reload","migrationData","Reload","_migrationData","dicts","_onMigrate","dictsToMigrate","dataToMigrate","_getMigrationData"],"mappings":"AAAAA,MAAM,CAACC,MAAP,CAAc;AAACC,EAAAA,YAAY,EAAC,MAAIA;AAAlB,CAAd;AAA+C,IAAIA,YAAJ;AAAiBF,MAAM,CAACG,IAAP,CAAY,iBAAZ,EAA8B;AAACD,EAAAA,YAAY,CAACE,CAAD,EAAG;AAACF,IAAAA,YAAY,GAACE,CAAb;AAAe;;AAAhC,CAA9B,EAAgE,CAAhE;AAEhE,MAAMC,MAAM,GAAGC,MAAM,CAACC,SAAP,CAAiBC,cAAhC;AAEAN,YAAY,CAACO,iBAAb,GAAiC,EAAjC,C,CAAqC;;AACrCP,YAAY,CAACQ,eAAb,GAA+B,EAA/B,C,CAAmC;;AAEnCR,YAAY,CAACS,iBAAb,GAAiC,UAAUC,QAAV,EAAoB;AACnD,MAAIP,MAAM,CAACQ,IAAP,CAAYX,YAAY,CAACO,iBAAzB,EAA4CG,QAA5C,CAAJ,EAA2D;AACzD,UAAME,IAAI,GAAGZ,YAAY,CAACO,iBAAb,CAA+BG,QAA/B,CAAb;AACA,WAAOV,YAAY,CAACO,iBAAb,CAA+BG,QAA/B,CAAP;AACA,WAAOE,IAAP;AACD;;AAED,SAAO,IAAP;AACD,CARD;;AAUAZ,YAAY,CAACa,uBAAb,GAAuC,UAAUH,QAAV,EAAoBI,IAApB,EAA0B;AAC/D,MAAIX,MAAM,CAACQ,IAAP,CAAYX,YAAY,CAACQ,eAAzB,EAA0CE,QAA1C,CAAJ,EACE,MAAM,IAAIK,KAAJ,CAAU,kCAAkCL,QAA5C,CAAN;AAEFV,EAAAA,YAAY,CAACQ,eAAb,CAA6BE,QAA7B,IAAyCI,IAAzC;AACD,CALD;;AAOA,IAAIE,MAAM,CAACC,QAAP,IAAmBC,OAAO,CAACC,MAA/B,EAAuC;AACrC;AACA;AACA,MAAIC,aAAa,GAAGF,OAAO,CAACC,MAAR,CAAeE,MAAf,CAAsBC,cAAtB,CAAqC,eAArC,CAApB;;AACA,MAAIF,aAAa,IAAIA,aAAa,CAACG,KAAnC,EACEvB,YAAY,CAACO,iBAAb,GAAiCa,aAAa,CAACG,KAA/C,CALmC,CAOrC;AACA;;AACAL,EAAAA,OAAO,CAACC,MAAR,CAAeE,MAAf,CAAsBG,UAAtB,CAAiC,eAAjC,EAAkD,YAAY;AAC5D,QAAIC,cAAc,GAAGzB,YAAY,CAACQ,eAAlC;AACA,QAAIkB,aAAa,GAAG,EAApB;;AAEA,SAAK,IAAIhB,QAAT,IAAqBe,cAArB,EACEC,aAAa,CAAChB,QAAD,CAAb,GAA0Be,cAAc,CAACf,QAAD,CAAd,CAAyBiB,iBAAzB,EAA1B;;AAEF,WAAO,CAAC,IAAD,EAAO;AAACJ,MAAAA,KAAK,EAAEG;AAAR,KAAP,CAAP;AACD,GARD;AASD","sourcesContent":["import { ReactiveDict } from './reactive-dict';\n\nconst hasOwn = Object.prototype.hasOwnProperty;\n\nReactiveDict._migratedDictData = {}; // name -> data\nReactiveDict._dictsToMigrate = {}; // name -> ReactiveDict\n\nReactiveDict._loadMigratedDict = function (dictName) {\n  if (hasOwn.call(ReactiveDict._migratedDictData, dictName)) {\n    const data = ReactiveDict._migratedDictData[dictName];\n    delete ReactiveDict._migratedDictData[dictName];\n    return data;\n  }\n\n  return null;\n};\n\nReactiveDict._registerDictForMigrate = function (dictName, dict) {\n  if (hasOwn.call(ReactiveDict._dictsToMigrate, dictName))\n    throw new Error(\"Duplicate ReactiveDict name: \" + dictName);\n\n  ReactiveDict._dictsToMigrate[dictName] = dict;\n};\n\nif (Meteor.isClient && Package.reload) {\n  // Put old migrated data into ReactiveDict._migratedDictData,\n  // where it can be accessed by ReactiveDict._loadMigratedDict.\n  var migrationData = Package.reload.Reload._migrationData('reactive-dict');\n  if (migrationData && migrationData.dicts)\n    ReactiveDict._migratedDictData = migrationData.dicts;\n\n  // On migration, assemble the data from all the dicts that have been\n  // registered.\n  Package.reload.Reload._onMigrate('reactive-dict', function () {\n    var dictsToMigrate = ReactiveDict._dictsToMigrate;\n    var dataToMigrate = {};\n\n    for (var dictName in dictsToMigrate)\n      dataToMigrate[dictName] = dictsToMigrate[dictName]._getMigrationData();\n\n    return [true, {dicts: dataToMigrate}];\n  });\n}\n\nexport { ReactiveDict };\n"]},"sourceType":"script","hash":"3ab46605c5adca6ebf1f905a2fde1df7778ec2b1"}
