{"metadata":{},"options":{"compact":false,"sourceMaps":true,"ast":true,"babelrc":false,"configFile":false,"parserOpts":{"sourceType":"module","sourceFileName":"/home/tokir/Meteor/SocialMediaProject/social-network/packages/mongo-id/id.js","plugins":["*","flow","jsx","asyncGenerators","bigInt","classPrivateMethods","classPrivateProperties","classProperties","doExpressions","dynamicImport","exportDefaultFrom","exportExtensions","exportNamespaceFrom","functionBind","functionSent","importMeta","nullishCoalescingOperator","numericSeparator","objectRestSpread","optionalCatchBinding","optionalChaining",["pipelineOperator",{"proposal":"minimal"}],"throwExpressions","dynamicImport","classProperties","classPrivateProperties","jsx",["flow",{}],"asyncGenerators","objectRestSpread","objectRestSpread",["flow",{}],"asyncGenerators"],"allowImportExportEverywhere":true,"allowReturnOutsideFunction":true,"strictMode":false},"caller":{"name":"meteor","arch":"web.browser.legacy"},"sourceFileName":"packages/mongo-id/id.js","filename":"/home/tokir/Meteor/SocialMediaProject/social-network/packages/mongo-id/id.js","passPerPreset":false,"envName":"development","cwd":"/home/tokir/Meteor/SocialMediaProject/social-network","root":"/home/tokir/Meteor/SocialMediaProject/social-network","plugins":[{"key":"base$0$0","visitor":{"Program":{"enter":[null]},"_exploded":true,"_verified":true},"options":{"generateLetDeclarations":true,"enforceStrictMode":false}},{"key":"transform-meteor-dynamic-import","visitor":{"_exploded":{},"_verified":{},"CallExpression":{"enter":[null]}},"options":{}},{"key":"transform-runtime","visitor":{"CallExpression":{"enter":[null]},"BinaryExpression":{"enter":[null]},"MemberExpression":{"enter":[null],"exit":[null]},"_exploded":true,"_verified":true,"Identifier":{"enter":[null]},"JSXIdentifier":{"enter":[null]}},"options":{}},{"key":"proposal-class-properties","visitor":{"PrivateName":{"enter":[null]},"ExportDefaultDeclaration":{"enter":[null]},"_exploded":true,"_verified":true,"ClassDeclaration":{"enter":[null]},"ClassExpression":{"enter":[null]}},"options":{"loose":true}},{"key":"base$0$4","visitor":{"FunctionExpression":{"exit":[null]},"_exploded":true,"_verified":true},"options":{}},{"key":"base$0$5","visitor":{"ForInStatement":{"enter":[null]},"_exploded":true,"_verified":true},"options":{}},{"key":"transform-modules-commonjs","visitor":{"Program":{"exit":[null]},"_exploded":true,"_verified":true},"options":{"allowTopLevelThis":true,"strictMode":false,"loose":true}},{"key":"transform-react-jsx","visitor":{"_exploded":{},"_verified":{},"JSXNamespacedName":{"enter":[null]},"JSXSpreadChild":{"enter":[null]},"JSXElement":{"exit":[null]},"JSXFragment":{"exit":[null]},"Program":{"enter":[null],"exit":[null]},"JSXAttribute":{"enter":[null]}},"options":{"pragma":"React.createElement","pragmaFrag":"React.Fragment","throwIfNamespace":true,"useBuiltIns":false}},{"key":"transform-react-display-name","visitor":{"ExportDefaultDeclaration":{"enter":[null]},"CallExpression":{"enter":[null]},"_exploded":true,"_verified":true},"options":{}},{"key":"syntax-flow","visitor":{"_exploded":true,"_verified":true},"options":{}},{"key":"syntax-async-generators","visitor":{"_exploded":true,"_verified":true},"options":{}},{"key":"transform-arrow-functions","visitor":{"ArrowFunctionExpression":{"enter":[null]},"_exploded":true,"_verified":true},"options":{}},{"key":"transform-block-scoped-functions","visitor":{"BlockStatement":{"enter":[null]},"SwitchCase":{"enter":[null]},"_exploded":true,"_verified":true},"options":{}},{"key":"transform-block-scoping","visitor":{"VariableDeclaration":{"enter":[null]},"CatchClause":{"enter":[null]},"_exploded":true,"BlockStatement":{"enter":[null]},"SwitchStatement":{"enter":[null]},"Program":{"enter":[null]},"_verified":true,"DoWhileStatement":{"enter":[null]},"ForInStatement":{"enter":[null]},"ForStatement":{"enter":[null]},"WhileStatement":{"enter":[null]},"ForOfStatement":{"enter":[null]}},"options":{}},{"key":"transform-classes","visitor":{"ExportDefaultDeclaration":{"enter":[null]},"ClassDeclaration":{"enter":[null]},"ClassExpression":{"enter":[null]},"_exploded":true,"_verified":true},"options":{"loose":true}},{"key":"transform-computed-properties","visitor":{"ObjectExpression":{"exit":[null]},"_exploded":true,"_verified":true},"options":{"loose":true}},{"key":"transform-destructuring","visitor":{"ExportNamedDeclaration":{"enter":[null]},"CatchClause":{"enter":[null]},"AssignmentExpression":{"enter":[null]},"VariableDeclaration":{"enter":[null]},"_exploded":true,"_verified":true,"ForInStatement":{"enter":[null]},"ForOfStatement":{"enter":[null]}},"options":{}},{"key":"transform-for-of","visitor":{"ForOfStatement":{"enter":[null]},"_exploded":true,"_verified":true},"options":{"loose":true}},{"key":"transform-literals","visitor":{"NumericLiteral":{"enter":[null]},"StringLiteral":{"enter":[null]},"_exploded":true,"_verified":true},"options":{}},{"key":"transform-object-super","visitor":{"ObjectExpression":{"enter":[null]},"_exploded":true,"_verified":true},"options":{}},{"key":"transform-parameters","visitor":{"_exploded":true,"_verified":true,"FunctionDeclaration":{"enter":[null]},"FunctionExpression":{"enter":[null]},"ObjectMethod":{"enter":[null]},"ArrowFunctionExpression":{"enter":[null]},"ClassMethod":{"enter":[null]},"ClassPrivateMethod":{"enter":[null]}},"options":{}},{"key":"transform-shorthand-properties","visitor":{"ObjectMethod":{"enter":[null]},"ObjectProperty":{"enter":[null]},"_exploded":true,"_verified":true},"options":{}},{"key":"transform-spread","visitor":{"ArrayExpression":{"enter":[null]},"CallExpression":{"enter":[null]},"NewExpression":{"enter":[null]},"_exploded":true,"_verified":true},"options":{}},{"key":"transform-sticky-regex","visitor":{"RegExpLiteral":{"enter":[null]},"_exploded":true,"_verified":true},"options":{}},{"key":"transform-template-literals","visitor":{"TaggedTemplateExpression":{"enter":[null]},"TemplateLiteral":{"enter":[null]},"_exploded":true,"_verified":true},"options":{"loose":true}},{"key":"transform-typeof-symbol","visitor":{"UnaryExpression":{"enter":[null]},"_exploded":true,"_verified":true,"BlockStatement":{"enter":[null]},"CatchClause":{"enter":[null]},"DoWhileStatement":{"enter":[null]},"ForInStatement":{"enter":[null]},"ForStatement":{"enter":[null]},"FunctionDeclaration":{"enter":[null]},"FunctionExpression":{"enter":[null]},"Program":{"enter":[null]},"ObjectMethod":{"enter":[null]},"SwitchStatement":{"enter":[null]},"WhileStatement":{"enter":[null]},"ArrowFunctionExpression":{"enter":[null]},"ClassDeclaration":{"enter":[null]},"ClassExpression":{"enter":[null]},"ForOfStatement":{"enter":[null]},"ClassMethod":{"enter":[null]},"ClassPrivateMethod":{"enter":[null]}},"options":{}},{"key":"transform-unicode-regex","visitor":{"RegExpLiteral":{"enter":[null]},"_exploded":true,"_verified":true},"options":{}},{"key":"syntax-object-rest-spread","visitor":{"_exploded":true,"_verified":true},"options":{}},{"key":"proposal-object-rest-spread","visitor":{"_exploded":{},"_verified":{},"VariableDeclarator":{"enter":[null]},"ExportNamedDeclaration":{"enter":[null]},"CatchClause":{"enter":[null]},"AssignmentExpression":{"enter":[null]},"ObjectExpression":{"enter":[null]},"FunctionDeclaration":{"enter":[null]},"FunctionExpression":{"enter":[null]},"ObjectMethod":{"enter":[null]},"ArrowFunctionExpression":{"enter":[null]},"ClassMethod":{"enter":[null]},"ClassPrivateMethod":{"enter":[null]},"ForInStatement":{"enter":[null]},"ForOfStatement":{"enter":[null]}},"options":{}},{"key":"transform-property-literals","visitor":{"ObjectProperty":{"exit":[null]},"_exploded":true,"_verified":true},"options":{}},{"key":"transform-flow-strip-types","visitor":{"_exploded":{},"_verified":{},"Program":{"enter":[null]},"ImportDeclaration":{"enter":[null,null]},"ClassProperty":{"enter":[null]},"ClassPrivateProperty":{"enter":[null]},"AssignmentPattern":{"enter":[null]},"TypeCastExpression":{"enter":[null,null]},"CallExpression":{"enter":[null]},"OptionalCallExpression":{"enter":[null]},"NewExpression":{"enter":[null]},"ImportSpecifier":{"enter":[null]},"ClassDeclaration":{"enter":[null]},"ClassExpression":{"enter":[null]},"FunctionDeclaration":{"enter":[null]},"FunctionExpression":{"enter":[null]},"ObjectMethod":{"enter":[null]},"ArrowFunctionExpression":{"enter":[null]},"ClassMethod":{"enter":[null]},"ClassPrivateMethod":{"enter":[null]},"AnyTypeAnnotation":{"enter":[null]},"ArrayTypeAnnotation":{"enter":[null]},"BooleanTypeAnnotation":{"enter":[null]},"BooleanLiteralTypeAnnotation":{"enter":[null]},"NullLiteralTypeAnnotation":{"enter":[null]},"ClassImplements":{"enter":[null]},"DeclareClass":{"enter":[null]},"DeclareFunction":{"enter":[null]},"DeclareInterface":{"enter":[null]},"DeclareModule":{"enter":[null]},"DeclareModuleExports":{"enter":[null]},"DeclareTypeAlias":{"enter":[null]},"DeclareOpaqueType":{"enter":[null]},"DeclareVariable":{"enter":[null]},"DeclareExportDeclaration":{"enter":[null]},"DeclareExportAllDeclaration":{"enter":[null]},"DeclaredPredicate":{"enter":[null]},"ExistsTypeAnnotation":{"enter":[null]},"FunctionTypeAnnotation":{"enter":[null]},"FunctionTypeParam":{"enter":[null]},"GenericTypeAnnotation":{"enter":[null]},"InferredPredicate":{"enter":[null]},"InterfaceExtends":{"enter":[null]},"InterfaceDeclaration":{"enter":[null]},"InterfaceTypeAnnotation":{"enter":[null]},"IntersectionTypeAnnotation":{"enter":[null]},"MixedTypeAnnotation":{"enter":[null]},"EmptyTypeAnnotation":{"enter":[null]},"NullableTypeAnnotation":{"enter":[null]},"NumberLiteralTypeAnnotation":{"enter":[null]},"NumberTypeAnnotation":{"enter":[null]},"ObjectTypeAnnotation":{"enter":[null]},"ObjectTypeInternalSlot":{"enter":[null]},"ObjectTypeCallProperty":{"enter":[null]},"ObjectTypeIndexer":{"enter":[null]},"ObjectTypeProperty":{"enter":[null]},"ObjectTypeSpreadProperty":{"enter":[null]},"OpaqueType":{"enter":[null]},"QualifiedTypeIdentifier":{"enter":[null]},"StringLiteralTypeAnnotation":{"enter":[null]},"StringTypeAnnotation":{"enter":[null]},"ThisTypeAnnotation":{"enter":[null]},"TupleTypeAnnotation":{"enter":[null]},"TypeofTypeAnnotation":{"enter":[null]},"TypeAlias":{"enter":[null]},"TypeAnnotation":{"enter":[null]},"TypeParameter":{"enter":[null]},"TypeParameterDeclaration":{"enter":[null]},"TypeParameterInstantiation":{"enter":[null]},"UnionTypeAnnotation":{"enter":[null]},"Variance":{"enter":[null]},"VoidTypeAnnotation":{"enter":[null]},"ExportAllDeclaration":{"enter":[null]},"ExportDefaultDeclaration":{"enter":[null]},"ExportNamedDeclaration":{"enter":[null]}},"options":{}},{"key":"transform-exponentiation-operator","visitor":{"AssignmentExpression":{"enter":[null]},"BinaryExpression":{"enter":[null]},"_exploded":true,"_verified":true},"options":{}},{"key":"proposal-async-generator-functions","visitor":{"_exploded":{},"_verified":{},"Program":{"enter":[null]}},"options":{}},{"key":"regenerator-transform","visitor":{"_exploded":true,"_verified":true,"FunctionDeclaration":{"exit":[null]},"FunctionExpression":{"exit":[null]},"ObjectMethod":{"exit":[null]},"ArrowFunctionExpression":{"exit":[null]},"ClassMethod":{"exit":[null]},"ClassPrivateMethod":{"exit":[null]}},"options":{}}],"presets":[],"generatorOpts":{"filename":"/home/tokir/Meteor/SocialMediaProject/social-network/packages/mongo-id/id.js","comments":true,"compact":false,"sourceMaps":true,"sourceFileName":"packages/mongo-id/id.js"}},"code":"var _interopRequireDefault = require(\"@babel/runtime/helpers/interopRequireDefault\");\n\nvar _typeof2 = _interopRequireDefault(require(\"@babel/runtime/helpers/typeof\"));\n\nmodule.export({\n  MongoID: function () {\n    return MongoID;\n  }\n});\nvar EJSON;\nmodule.link(\"meteor/ejson\", {\n  EJSON: function (v) {\n    EJSON = v;\n  }\n}, 0);\nvar Random;\nmodule.link(\"meteor/random\", {\n  Random: function (v) {\n    Random = v;\n  }\n}, 1);\nvar MongoID = {};\n\nMongoID._looksLikeObjectID = function (str) {\n  return str.length === 24 && str.match(/^[0-9a-f]*$/);\n};\n\nMongoID.ObjectID =\n/*#__PURE__*/\nfunction () {\n  function ObjectID(hexString) {\n    //random-based impl of Mongo ObjectID\n    if (hexString) {\n      hexString = hexString.toLowerCase();\n\n      if (!MongoID._looksLikeObjectID(hexString)) {\n        throw new Error('Invalid hexadecimal string for creating an ObjectID');\n      } // meant to work with _.isEqual(), which relies on structural equality\n\n\n      this._str = hexString;\n    } else {\n      this._str = Random.hexString(24);\n    }\n  }\n\n  var _proto = ObjectID.prototype;\n\n  _proto.equals = function () {\n    function equals(other) {\n      return other instanceof MongoID.ObjectID && this.valueOf() === other.valueOf();\n    }\n\n    return equals;\n  }();\n\n  _proto.toString = function () {\n    function toString() {\n      return \"ObjectID(\\\"\" + this._str + \"\\\")\";\n    }\n\n    return toString;\n  }();\n\n  _proto.clone = function () {\n    function clone() {\n      return new MongoID.ObjectID(this._str);\n    }\n\n    return clone;\n  }();\n\n  _proto.typeName = function () {\n    function typeName() {\n      return 'oid';\n    }\n\n    return typeName;\n  }();\n\n  _proto.getTimestamp = function () {\n    function getTimestamp() {\n      return Number.parseInt(this._str.substr(0, 8), 16);\n    }\n\n    return getTimestamp;\n  }();\n\n  _proto.valueOf = function () {\n    function valueOf() {\n      return this._str;\n    }\n\n    return valueOf;\n  }();\n\n  _proto.toJSONValue = function () {\n    function toJSONValue() {\n      return this.valueOf();\n    }\n\n    return toJSONValue;\n  }();\n\n  _proto.toHexString = function () {\n    function toHexString() {\n      return this.valueOf();\n    }\n\n    return toHexString;\n  }();\n\n  return ObjectID;\n}();\n\nEJSON.addType('oid', function (str) {\n  return new MongoID.ObjectID(str);\n});\n\nMongoID.idStringify = function (id) {\n  if (id instanceof MongoID.ObjectID) {\n    return id.valueOf();\n  } else if (typeof id === 'string') {\n    if (id === '') {\n      return id;\n    } else if (id.startsWith('-') || // escape previously dashed strings\n    id.startsWith('~') || // escape escaped numbers, true, false\n    MongoID._looksLikeObjectID(id) || // escape object-id-form strings\n    id.startsWith('{')) {\n      // escape object-form strings, for maybe implementing later\n      return \"-\" + id;\n    } else {\n      return id; // other strings go through unchanged.\n    }\n  } else if (id === undefined) {\n    return '-';\n  } else if ((0, _typeof2.default)(id) === 'object' && id !== null) {\n    throw new Error('Meteor does not currently support objects other than ObjectID as ids');\n  } else {\n    // Numbers, true, false, null\n    return \"~\" + JSON.stringify(id);\n  }\n};\n\nMongoID.idParse = function (id) {\n  if (id === '') {\n    return id;\n  } else if (id === '-') {\n    return undefined;\n  } else if (id.startsWith('-')) {\n    return id.substr(1);\n  } else if (id.startsWith('~')) {\n    return JSON.parse(id.substr(1));\n  } else if (MongoID._looksLikeObjectID(id)) {\n    return new MongoID.ObjectID(id);\n  } else {\n    return id;\n  }\n};","map":{"version":3,"sources":["packages/mongo-id/id.js"],"names":["module","export","MongoID","EJSON","link","v","Random","_looksLikeObjectID","str","length","match","ObjectID","hexString","toLowerCase","Error","_str","equals","other","valueOf","toString","clone","typeName","getTimestamp","Number","parseInt","substr","toJSONValue","toHexString","addType","idStringify","id","startsWith","undefined","JSON","stringify","idParse","parse"],"mappings":";;;;AAAAA,MAAM,CAACC,MAAP,CAAc;AAACC,EAAAA,OAAO,EAAC;AAAA,WAAIA,OAAJ;AAAA;AAAT,CAAd;AAAqC,IAAIC,KAAJ;AAAUH,MAAM,CAACI,IAAP,CAAY,cAAZ,EAA2B;AAACD,EAAAA,KAAD,YAAOE,CAAP,EAAS;AAACF,IAAAA,KAAK,GAACE,CAAN;AAAQ;AAAlB,CAA3B,EAA+C,CAA/C;AAAkD,IAAIC,MAAJ;AAAWN,MAAM,CAACI,IAAP,CAAY,eAAZ,EAA4B;AAACE,EAAAA,MAAD,YAAQD,CAAR,EAAU;AAACC,IAAAA,MAAM,GAACD,CAAP;AAAS;AAApB,CAA5B,EAAkD,CAAlD;AAG5G,IAAMH,OAAO,GAAG,EAAhB;;AAEAA,OAAO,CAACK,kBAAR,GAA6B,UAAAC,GAAG;AAAA,SAAIA,GAAG,CAACC,MAAJ,KAAe,EAAf,IAAqBD,GAAG,CAACE,KAAJ,CAAU,aAAV,CAAzB;AAAA,CAAhC;;AAEAR,OAAO,CAACS,QAAR;AAAA;AAAA;AACE,oBAAaC,SAAb,EAAwB;AACtB;AACA,QAAIA,SAAJ,EAAe;AACbA,MAAAA,SAAS,GAAGA,SAAS,CAACC,WAAV,EAAZ;;AACA,UAAI,CAACX,OAAO,CAACK,kBAAR,CAA2BK,SAA3B,CAAL,EAA4C;AAC1C,cAAM,IAAIE,KAAJ,CAAU,qDAAV,CAAN;AACD,OAJY,CAKb;;;AACA,WAAKC,IAAL,GAAYH,SAAZ;AACD,KAPD,MAOO;AACL,WAAKG,IAAL,GAAYT,MAAM,CAACM,SAAP,CAAiB,EAAjB,CAAZ;AACD;AACF;;AAbH;;AAAA,SAeEI,MAfF;AAeE,oBAAOC,KAAP,EAAc;AACZ,aAAOA,KAAK,YAAYf,OAAO,CAACS,QAAzB,IACP,KAAKO,OAAL,OAAmBD,KAAK,CAACC,OAAN,EADnB;AAED;;AAlBH;AAAA;;AAAA,SAoBEC,QApBF;AAoBE,wBAAW;AACT,6BAAoB,KAAKJ,IAAzB;AACD;;AAtBH;AAAA;;AAAA,SAwBEK,KAxBF;AAwBE,qBAAQ;AACN,aAAO,IAAIlB,OAAO,CAACS,QAAZ,CAAqB,KAAKI,IAA1B,CAAP;AACD;;AA1BH;AAAA;;AAAA,SA4BEM,QA5BF;AA4BE,wBAAW;AACT,aAAO,KAAP;AACD;;AA9BH;AAAA;;AAAA,SAgCEC,YAhCF;AAgCE,4BAAe;AACb,aAAOC,MAAM,CAACC,QAAP,CAAgB,KAAKT,IAAL,CAAUU,MAAV,CAAiB,CAAjB,EAAoB,CAApB,CAAhB,EAAwC,EAAxC,CAAP;AACD;;AAlCH;AAAA;;AAAA,SAoCEP,OApCF;AAoCE,uBAAU;AACR,aAAO,KAAKH,IAAZ;AACD;;AAtCH;AAAA;;AAAA,SAwCEW,WAxCF;AAwCE,2BAAc;AACZ,aAAO,KAAKR,OAAL,EAAP;AACD;;AA1CH;AAAA;;AAAA,SA4CES,WA5CF;AA4CE,2BAAc;AACZ,aAAO,KAAKT,OAAL,EAAP;AACD;;AA9CH;AAAA;;AAAA;AAAA;;AAkDAf,KAAK,CAACyB,OAAN,CAAc,KAAd,EAAqB,UAAApB,GAAG;AAAA,SAAI,IAAIN,OAAO,CAACS,QAAZ,CAAqBH,GAArB,CAAJ;AAAA,CAAxB;;AAEAN,OAAO,CAAC2B,WAAR,GAAsB,UAACC,EAAD,EAAQ;AAC5B,MAAIA,EAAE,YAAY5B,OAAO,CAACS,QAA1B,EAAoC;AAClC,WAAOmB,EAAE,CAACZ,OAAH,EAAP;AACD,GAFD,MAEO,IAAI,OAAOY,EAAP,KAAc,QAAlB,EAA4B;AACjC,QAAIA,EAAE,KAAK,EAAX,EAAe;AACb,aAAOA,EAAP;AACD,KAFD,MAEO,IAAIA,EAAE,CAACC,UAAH,CAAc,GAAd,KAAsB;AACtBD,IAAAA,EAAE,CAACC,UAAH,CAAc,GAAd,CADA,IACsB;AACtB7B,IAAAA,OAAO,CAACK,kBAAR,CAA2BuB,EAA3B,CAFA,IAEkC;AAClCA,IAAAA,EAAE,CAACC,UAAH,CAAc,GAAd,CAHJ,EAGwB;AAAE;AAC/B,mBAAWD,EAAX;AACD,KALM,MAKA;AACL,aAAOA,EAAP,CADK,CACM;AACZ;AACF,GAXM,MAWA,IAAIA,EAAE,KAAKE,SAAX,EAAsB;AAC3B,WAAO,GAAP;AACD,GAFM,MAEA,IAAI,sBAAOF,EAAP,MAAc,QAAd,IAA0BA,EAAE,KAAK,IAArC,EAA2C;AAChD,UAAM,IAAIhB,KAAJ,CAAU,sEAAV,CAAN;AACD,GAFM,MAEA;AAAE;AACP,iBAAWmB,IAAI,CAACC,SAAL,CAAeJ,EAAf,CAAX;AACD;AACF,CArBD;;AAuBA5B,OAAO,CAACiC,OAAR,GAAkB,UAACL,EAAD,EAAQ;AACxB,MAAIA,EAAE,KAAK,EAAX,EAAe;AACb,WAAOA,EAAP;AACD,GAFD,MAEO,IAAIA,EAAE,KAAK,GAAX,EAAgB;AACrB,WAAOE,SAAP;AACD,GAFM,MAEA,IAAIF,EAAE,CAACC,UAAH,CAAc,GAAd,CAAJ,EAAwB;AAC7B,WAAOD,EAAE,CAACL,MAAH,CAAU,CAAV,CAAP;AACD,GAFM,MAEA,IAAIK,EAAE,CAACC,UAAH,CAAc,GAAd,CAAJ,EAAwB;AAC7B,WAAOE,IAAI,CAACG,KAAL,CAAWN,EAAE,CAACL,MAAH,CAAU,CAAV,CAAX,CAAP;AACD,GAFM,MAEA,IAAIvB,OAAO,CAACK,kBAAR,CAA2BuB,EAA3B,CAAJ,EAAoC;AACzC,WAAO,IAAI5B,OAAO,CAACS,QAAZ,CAAqBmB,EAArB,CAAP;AACD,GAFM,MAEA;AACL,WAAOA,EAAP;AACD;AACF,CAdD","sourcesContent":["import { EJSON } from 'meteor/ejson';\nimport { Random } from 'meteor/random';\n\nconst MongoID = {};\n\nMongoID._looksLikeObjectID = str => str.length === 24 && str.match(/^[0-9a-f]*$/);\n\nMongoID.ObjectID = class ObjectID {\n  constructor (hexString) {\n    //random-based impl of Mongo ObjectID\n    if (hexString) {\n      hexString = hexString.toLowerCase();\n      if (!MongoID._looksLikeObjectID(hexString)) {\n        throw new Error('Invalid hexadecimal string for creating an ObjectID');\n      }\n      // meant to work with _.isEqual(), which relies on structural equality\n      this._str = hexString;\n    } else {\n      this._str = Random.hexString(24);\n    }\n  }\n\n  equals(other) {\n    return other instanceof MongoID.ObjectID &&\n    this.valueOf() === other.valueOf();\n  }\n\n  toString() {\n    return `ObjectID(\"${this._str}\")`;\n  }\n\n  clone() {\n    return new MongoID.ObjectID(this._str);\n  }\n\n  typeName() {\n    return 'oid';\n  }\n  \n  getTimestamp() {\n    return Number.parseInt(this._str.substr(0, 8), 16);\n  }\n\n  valueOf() {\n    return this._str;\n  }\n\n  toJSONValue() {\n    return this.valueOf();\n  }\n\n  toHexString() {\n    return this.valueOf();\n  }\n\n}\n\nEJSON.addType('oid', str => new MongoID.ObjectID(str));\n\nMongoID.idStringify = (id) => {\n  if (id instanceof MongoID.ObjectID) {\n    return id.valueOf();\n  } else if (typeof id === 'string') {\n    if (id === '') {\n      return id;\n    } else if (id.startsWith('-') || // escape previously dashed strings\n               id.startsWith('~') || // escape escaped numbers, true, false\n               MongoID._looksLikeObjectID(id) || // escape object-id-form strings\n               id.startsWith('{')) { // escape object-form strings, for maybe implementing later\n      return `-${id}`;\n    } else {\n      return id; // other strings go through unchanged.\n    }\n  } else if (id === undefined) {\n    return '-';\n  } else if (typeof id === 'object' && id !== null) {\n    throw new Error('Meteor does not currently support objects other than ObjectID as ids');\n  } else { // Numbers, true, false, null\n    return `~${JSON.stringify(id)}`;\n  }\n};\n\nMongoID.idParse = (id) => {\n  if (id === '') {\n    return id;\n  } else if (id === '-') {\n    return undefined;\n  } else if (id.startsWith('-')) {\n    return id.substr(1);\n  } else if (id.startsWith('~')) {\n    return JSON.parse(id.substr(1));\n  } else if (MongoID._looksLikeObjectID(id)) {\n    return new MongoID.ObjectID(id);\n  } else {\n    return id;\n  }\n};\n\nexport { MongoID };\n"]},"sourceType":"script","hash":"423229d5433c74e5c92751aec9afdd0813ee074a"}
