{"metadata":{},"options":{"compact":false,"sourceMaps":true,"ast":true,"babelrc":false,"configFile":false,"parserOpts":{"sourceType":"module","sourceFileName":"/home/tokir/Meteor/SocialMediaProject/social-network/packages/ddp-client/client/client_convenience.js","plugins":["*","flow","jsx","asyncGenerators","bigInt","classPrivateMethods","classPrivateProperties","classProperties","doExpressions","dynamicImport","exportDefaultFrom","exportExtensions","exportNamespaceFrom","functionBind","functionSent","importMeta","nullishCoalescingOperator","numericSeparator","objectRestSpread","optionalCatchBinding","optionalChaining",["pipelineOperator",{"proposal":"minimal"}],"throwExpressions","dynamicImport","classProperties","classPrivateProperties","jsx",["flow",{}],"asyncGenerators","objectRestSpread","objectRestSpread",["flow",{}],"asyncGenerators"],"allowImportExportEverywhere":true,"allowReturnOutsideFunction":true,"strictMode":false},"caller":{"name":"meteor","arch":"web.browser.legacy"},"sourceFileName":"packages/ddp-client/client/client_convenience.js","filename":"/home/tokir/Meteor/SocialMediaProject/social-network/packages/ddp-client/client/client_convenience.js","passPerPreset":false,"envName":"development","cwd":"/home/tokir/Meteor/SocialMediaProject/social-network","root":"/home/tokir/Meteor/SocialMediaProject/social-network","plugins":[{"key":"base$0$0","visitor":{"Program":{"enter":[null]},"_exploded":true,"_verified":true},"options":{"generateLetDeclarations":true,"enforceStrictMode":false}},{"key":"transform-meteor-dynamic-import","visitor":{"_exploded":{},"_verified":{},"CallExpression":{"enter":[null]}},"options":{}},{"key":"transform-runtime","visitor":{"CallExpression":{"enter":[null]},"BinaryExpression":{"enter":[null]},"MemberExpression":{"enter":[null],"exit":[null]},"_exploded":true,"_verified":true,"Identifier":{"enter":[null]},"JSXIdentifier":{"enter":[null]}},"options":{}},{"key":"proposal-class-properties","visitor":{"PrivateName":{"enter":[null]},"ExportDefaultDeclaration":{"enter":[null]},"_exploded":true,"_verified":true,"ClassDeclaration":{"enter":[null]},"ClassExpression":{"enter":[null]}},"options":{"loose":true}},{"key":"base$0$4","visitor":{"FunctionExpression":{"exit":[null]},"_exploded":true,"_verified":true},"options":{}},{"key":"base$0$5","visitor":{"ForInStatement":{"enter":[null]},"_exploded":true,"_verified":true},"options":{}},{"key":"transform-modules-commonjs","visitor":{"Program":{"exit":[null]},"_exploded":true,"_verified":true},"options":{"allowTopLevelThis":true,"strictMode":false,"loose":true}},{"key":"transform-react-jsx","visitor":{"_exploded":{},"_verified":{},"JSXNamespacedName":{"enter":[null]},"JSXSpreadChild":{"enter":[null]},"JSXElement":{"exit":[null]},"JSXFragment":{"exit":[null]},"Program":{"enter":[null],"exit":[null]},"JSXAttribute":{"enter":[null]}},"options":{"pragma":"React.createElement","pragmaFrag":"React.Fragment","throwIfNamespace":true,"useBuiltIns":false}},{"key":"transform-react-display-name","visitor":{"ExportDefaultDeclaration":{"enter":[null]},"CallExpression":{"enter":[null]},"_exploded":true,"_verified":true},"options":{}},{"key":"syntax-flow","visitor":{"_exploded":true,"_verified":true},"options":{}},{"key":"syntax-async-generators","visitor":{"_exploded":true,"_verified":true},"options":{}},{"key":"transform-arrow-functions","visitor":{"ArrowFunctionExpression":{"enter":[null]},"_exploded":true,"_verified":true},"options":{}},{"key":"transform-block-scoped-functions","visitor":{"BlockStatement":{"enter":[null]},"SwitchCase":{"enter":[null]},"_exploded":true,"_verified":true},"options":{}},{"key":"transform-block-scoping","visitor":{"VariableDeclaration":{"enter":[null]},"CatchClause":{"enter":[null]},"_exploded":true,"BlockStatement":{"enter":[null]},"SwitchStatement":{"enter":[null]},"Program":{"enter":[null]},"_verified":true,"DoWhileStatement":{"enter":[null]},"ForInStatement":{"enter":[null]},"ForStatement":{"enter":[null]},"WhileStatement":{"enter":[null]},"ForOfStatement":{"enter":[null]}},"options":{}},{"key":"transform-classes","visitor":{"ExportDefaultDeclaration":{"enter":[null]},"ClassDeclaration":{"enter":[null]},"ClassExpression":{"enter":[null]},"_exploded":true,"_verified":true},"options":{"loose":true}},{"key":"transform-computed-properties","visitor":{"ObjectExpression":{"exit":[null]},"_exploded":true,"_verified":true},"options":{"loose":true}},{"key":"transform-destructuring","visitor":{"ExportNamedDeclaration":{"enter":[null]},"CatchClause":{"enter":[null]},"AssignmentExpression":{"enter":[null]},"VariableDeclaration":{"enter":[null]},"_exploded":true,"_verified":true,"ForInStatement":{"enter":[null]},"ForOfStatement":{"enter":[null]}},"options":{}},{"key":"transform-for-of","visitor":{"ForOfStatement":{"enter":[null]},"_exploded":true,"_verified":true},"options":{"loose":true}},{"key":"transform-literals","visitor":{"NumericLiteral":{"enter":[null]},"StringLiteral":{"enter":[null]},"_exploded":true,"_verified":true},"options":{}},{"key":"transform-object-super","visitor":{"ObjectExpression":{"enter":[null]},"_exploded":true,"_verified":true},"options":{}},{"key":"transform-parameters","visitor":{"_exploded":true,"_verified":true,"FunctionDeclaration":{"enter":[null]},"FunctionExpression":{"enter":[null]},"ObjectMethod":{"enter":[null]},"ArrowFunctionExpression":{"enter":[null]},"ClassMethod":{"enter":[null]},"ClassPrivateMethod":{"enter":[null]}},"options":{}},{"key":"transform-shorthand-properties","visitor":{"ObjectMethod":{"enter":[null]},"ObjectProperty":{"enter":[null]},"_exploded":true,"_verified":true},"options":{}},{"key":"transform-spread","visitor":{"ArrayExpression":{"enter":[null]},"CallExpression":{"enter":[null]},"NewExpression":{"enter":[null]},"_exploded":true,"_verified":true},"options":{}},{"key":"transform-sticky-regex","visitor":{"RegExpLiteral":{"enter":[null]},"_exploded":true,"_verified":true},"options":{}},{"key":"transform-template-literals","visitor":{"TaggedTemplateExpression":{"enter":[null]},"TemplateLiteral":{"enter":[null]},"_exploded":true,"_verified":true},"options":{"loose":true}},{"key":"transform-typeof-symbol","visitor":{"UnaryExpression":{"enter":[null]},"_exploded":true,"_verified":true,"BlockStatement":{"enter":[null]},"CatchClause":{"enter":[null]},"DoWhileStatement":{"enter":[null]},"ForInStatement":{"enter":[null]},"ForStatement":{"enter":[null]},"FunctionDeclaration":{"enter":[null]},"FunctionExpression":{"enter":[null]},"Program":{"enter":[null]},"ObjectMethod":{"enter":[null]},"SwitchStatement":{"enter":[null]},"WhileStatement":{"enter":[null]},"ArrowFunctionExpression":{"enter":[null]},"ClassDeclaration":{"enter":[null]},"ClassExpression":{"enter":[null]},"ForOfStatement":{"enter":[null]},"ClassMethod":{"enter":[null]},"ClassPrivateMethod":{"enter":[null]}},"options":{}},{"key":"transform-unicode-regex","visitor":{"RegExpLiteral":{"enter":[null]},"_exploded":true,"_verified":true},"options":{}},{"key":"syntax-object-rest-spread","visitor":{"_exploded":true,"_verified":true},"options":{}},{"key":"proposal-object-rest-spread","visitor":{"_exploded":{},"_verified":{},"VariableDeclarator":{"enter":[null]},"ExportNamedDeclaration":{"enter":[null]},"CatchClause":{"enter":[null]},"AssignmentExpression":{"enter":[null]},"ObjectExpression":{"enter":[null]},"FunctionDeclaration":{"enter":[null]},"FunctionExpression":{"enter":[null]},"ObjectMethod":{"enter":[null]},"ArrowFunctionExpression":{"enter":[null]},"ClassMethod":{"enter":[null]},"ClassPrivateMethod":{"enter":[null]},"ForInStatement":{"enter":[null]},"ForOfStatement":{"enter":[null]}},"options":{}},{"key":"transform-property-literals","visitor":{"ObjectProperty":{"exit":[null]},"_exploded":true,"_verified":true},"options":{}},{"key":"transform-flow-strip-types","visitor":{"_exploded":{},"_verified":{},"Program":{"enter":[null]},"ImportDeclaration":{"enter":[null,null]},"ClassProperty":{"enter":[null]},"ClassPrivateProperty":{"enter":[null]},"AssignmentPattern":{"enter":[null]},"TypeCastExpression":{"enter":[null,null]},"CallExpression":{"enter":[null]},"OptionalCallExpression":{"enter":[null]},"NewExpression":{"enter":[null]},"ImportSpecifier":{"enter":[null]},"ClassDeclaration":{"enter":[null]},"ClassExpression":{"enter":[null]},"FunctionDeclaration":{"enter":[null]},"FunctionExpression":{"enter":[null]},"ObjectMethod":{"enter":[null]},"ArrowFunctionExpression":{"enter":[null]},"ClassMethod":{"enter":[null]},"ClassPrivateMethod":{"enter":[null]},"AnyTypeAnnotation":{"enter":[null]},"ArrayTypeAnnotation":{"enter":[null]},"BooleanTypeAnnotation":{"enter":[null]},"BooleanLiteralTypeAnnotation":{"enter":[null]},"NullLiteralTypeAnnotation":{"enter":[null]},"ClassImplements":{"enter":[null]},"DeclareClass":{"enter":[null]},"DeclareFunction":{"enter":[null]},"DeclareInterface":{"enter":[null]},"DeclareModule":{"enter":[null]},"DeclareModuleExports":{"enter":[null]},"DeclareTypeAlias":{"enter":[null]},"DeclareOpaqueType":{"enter":[null]},"DeclareVariable":{"enter":[null]},"DeclareExportDeclaration":{"enter":[null]},"DeclareExportAllDeclaration":{"enter":[null]},"DeclaredPredicate":{"enter":[null]},"ExistsTypeAnnotation":{"enter":[null]},"FunctionTypeAnnotation":{"enter":[null]},"FunctionTypeParam":{"enter":[null]},"GenericTypeAnnotation":{"enter":[null]},"InferredPredicate":{"enter":[null]},"InterfaceExtends":{"enter":[null]},"InterfaceDeclaration":{"enter":[null]},"InterfaceTypeAnnotation":{"enter":[null]},"IntersectionTypeAnnotation":{"enter":[null]},"MixedTypeAnnotation":{"enter":[null]},"EmptyTypeAnnotation":{"enter":[null]},"NullableTypeAnnotation":{"enter":[null]},"NumberLiteralTypeAnnotation":{"enter":[null]},"NumberTypeAnnotation":{"enter":[null]},"ObjectTypeAnnotation":{"enter":[null]},"ObjectTypeInternalSlot":{"enter":[null]},"ObjectTypeCallProperty":{"enter":[null]},"ObjectTypeIndexer":{"enter":[null]},"ObjectTypeProperty":{"enter":[null]},"ObjectTypeSpreadProperty":{"enter":[null]},"OpaqueType":{"enter":[null]},"QualifiedTypeIdentifier":{"enter":[null]},"StringLiteralTypeAnnotation":{"enter":[null]},"StringTypeAnnotation":{"enter":[null]},"ThisTypeAnnotation":{"enter":[null]},"TupleTypeAnnotation":{"enter":[null]},"TypeofTypeAnnotation":{"enter":[null]},"TypeAlias":{"enter":[null]},"TypeAnnotation":{"enter":[null]},"TypeParameter":{"enter":[null]},"TypeParameterDeclaration":{"enter":[null]},"TypeParameterInstantiation":{"enter":[null]},"UnionTypeAnnotation":{"enter":[null]},"Variance":{"enter":[null]},"VoidTypeAnnotation":{"enter":[null]},"ExportAllDeclaration":{"enter":[null]},"ExportDefaultDeclaration":{"enter":[null]},"ExportNamedDeclaration":{"enter":[null]}},"options":{}},{"key":"transform-exponentiation-operator","visitor":{"AssignmentExpression":{"enter":[null]},"BinaryExpression":{"enter":[null]},"_exploded":true,"_verified":true},"options":{}},{"key":"proposal-async-generator-functions","visitor":{"_exploded":{},"_verified":{},"Program":{"enter":[null]}},"options":{}},{"key":"regenerator-transform","visitor":{"_exploded":true,"_verified":true,"FunctionDeclaration":{"exit":[null]},"FunctionExpression":{"exit":[null]},"ObjectMethod":{"exit":[null]},"ArrowFunctionExpression":{"exit":[null]},"ClassMethod":{"exit":[null]},"ClassPrivateMethod":{"exit":[null]}},"options":{}}],"presets":[],"generatorOpts":{"filename":"/home/tokir/Meteor/SocialMediaProject/social-network/packages/ddp-client/client/client_convenience.js","comments":true,"compact":false,"sourceMaps":true,"sourceFileName":"packages/ddp-client/client/client_convenience.js"}},"code":"var DDP;\nmodule.link(\"../common/namespace.js\", {\n  DDP: function (v) {\n    DDP = v;\n  }\n}, 0);\nvar Meteor;\nmodule.link(\"meteor/meteor\", {\n  Meteor: function (v) {\n    Meteor = v;\n  }\n}, 1);\n\n// Meteor.refresh can be called on the client (if you're in common code) but it\n// only has an effect on the server.\nMeteor.refresh = function () {}; // By default, try to connect back to the same endpoint as the page\n// was served from.\n//\n// XXX We should be doing this a different way. Right now we don't\n// include ROOT_URL_PATH_PREFIX when computing ddpUrl. (We don't\n// include it on the server when computing\n// DDP_DEFAULT_CONNECTION_URL, and we don't include it in our\n// default, '/'.) We get by with this because DDP.connect then\n// forces the URL passed to it to be interpreted relative to the\n// app's deploy path, even if it is absolute. Instead, we should\n// make DDP_DEFAULT_CONNECTION_URL, if set, include the path prefix;\n// make the default ddpUrl be '' rather that '/'; and make\n// _translateUrl in stream_client_common.js not force absolute paths\n// to be treated like relative paths. See also\n// stream_client_common.js #RationalizingRelativeDDPURLs\n\n\nvar ddpUrl = '/';\n\nif (typeof __meteor_runtime_config__ !== 'undefined') {\n  if (__meteor_runtime_config__.DDP_DEFAULT_CONNECTION_URL) ddpUrl = __meteor_runtime_config__.DDP_DEFAULT_CONNECTION_URL;\n}\n\nvar retry = new Retry();\n\nfunction onDDPVersionNegotiationFailure(description) {\n  Meteor._debug(description);\n\n  if (Package.reload) {\n    var migrationData = Package.reload.Reload._migrationData('livedata') || Object.create(null);\n    var failures = migrationData.DDPVersionNegotiationFailures || 0;\n    ++failures;\n\n    Package.reload.Reload._onMigrate('livedata', function () {\n      return [true, {\n        DDPVersionNegotiationFailures: failures\n      }];\n    });\n\n    retry.retryLater(failures, function () {\n      Package.reload.Reload._reload();\n    });\n  }\n}\n\nMeteor.connection = DDP.connect(ddpUrl, {\n  onDDPVersionNegotiationFailure: onDDPVersionNegotiationFailure\n}); // Proxy the public methods of Meteor.connection so they can\n// be called directly on Meteor.\n\n['subscribe', 'methods', 'call', 'apply', 'status', 'reconnect', 'disconnect'].forEach(function (name) {\n  Meteor[name] = Meteor.connection[name].bind(Meteor.connection);\n}); // Meteor.connection used to be called\n// Meteor.default_connection. Provide backcompat as a courtesy even\n// though it was never documented.\n// XXX COMPAT WITH 0.6.4\n\nMeteor.default_connection = Meteor.connection; // We should transition from Meteor.connect to DDP.connect.\n// XXX COMPAT WITH 0.6.4\n\nMeteor.connect = DDP.connect;","map":{"version":3,"sources":["packages/ddp-client/client/client_convenience.js"],"names":["DDP","module","link","v","Meteor","refresh","ddpUrl","__meteor_runtime_config__","DDP_DEFAULT_CONNECTION_URL","retry","Retry","onDDPVersionNegotiationFailure","description","_debug","Package","reload","migrationData","Reload","_migrationData","Object","create","failures","DDPVersionNegotiationFailures","_onMigrate","retryLater","_reload","connection","connect","forEach","name","bind","default_connection"],"mappings":"AAAA,IAAIA,GAAJ;AAAQC,MAAM,CAACC,IAAP,CAAY,wBAAZ,EAAqC;AAACF,EAAAA,GAAD,YAAKG,CAAL,EAAO;AAACH,IAAAA,GAAG,GAACG,CAAJ;AAAM;AAAd,CAArC,EAAqD,CAArD;AAAwD,IAAIC,MAAJ;AAAWH,MAAM,CAACC,IAAP,CAAY,eAAZ,EAA4B;AAACE,EAAAA,MAAD,YAAQD,CAAR,EAAU;AAACC,IAAAA,MAAM,GAACD,CAAP;AAAS;AAApB,CAA5B,EAAkD,CAAlD;;AAG3E;AACA;AACAC,MAAM,CAACC,OAAP,GAAiB,YAAM,CAAE,CAAzB,C,CAEA;AACA;AACA;AACA;AACA;AACA;AACA;AACA;AACA;AACA;AACA;AACA;AACA;AACA;AACA;;;AACA,IAAIC,MAAM,GAAG,GAAb;;AACA,IAAI,OAAOC,yBAAP,KAAqC,WAAzC,EAAsD;AACpD,MAAIA,yBAAyB,CAACC,0BAA9B,EACEF,MAAM,GAAGC,yBAAyB,CAACC,0BAAnC;AACH;;AAED,IAAIC,KAAK,GAAG,IAAIC,KAAJ,EAAZ;;AAEA,SAASC,8BAAT,CAAwCC,WAAxC,EAAqD;AACnDR,EAAAA,MAAM,CAACS,MAAP,CAAcD,WAAd;;AACA,MAAIE,OAAO,CAACC,MAAZ,EAAoB;AAClB,QAAIC,aAAa,GACfF,OAAO,CAACC,MAAR,CAAeE,MAAf,CAAsBC,cAAtB,CAAqC,UAArC,KACAC,MAAM,CAACC,MAAP,CAAc,IAAd,CAFF;AAGA,QAAIC,QAAQ,GAAGL,aAAa,CAACM,6BAAd,IAA+C,CAA9D;AACA,MAAED,QAAF;;AACAP,IAAAA,OAAO,CAACC,MAAR,CAAeE,MAAf,CAAsBM,UAAtB,CAAiC,UAAjC,EAA6C,YAAM;AACjD,aAAO,CAAC,IAAD,EAAO;AAAED,QAAAA,6BAA6B,EAAED;AAAjC,OAAP,CAAP;AACD,KAFD;;AAGAZ,IAAAA,KAAK,CAACe,UAAN,CAAiBH,QAAjB,EAA2B,YAAM;AAC/BP,MAAAA,OAAO,CAACC,MAAR,CAAeE,MAAf,CAAsBQ,OAAtB;AACD,KAFD;AAGD;AACF;;AAEDrB,MAAM,CAACsB,UAAP,GAAoB1B,GAAG,CAAC2B,OAAJ,CAAYrB,MAAZ,EAAoB;AACtCK,EAAAA,8BAA8B,EAAEA;AADM,CAApB,CAApB,C,CAIA;AACA;;AACA,CACE,WADF,EAEE,SAFF,EAGE,MAHF,EAIE,OAJF,EAKE,QALF,EAME,WANF,EAOE,YAPF,EAQEiB,OARF,CAQU,UAAAC,IAAI,EAAI;AAChBzB,EAAAA,MAAM,CAACyB,IAAD,CAAN,GAAezB,MAAM,CAACsB,UAAP,CAAkBG,IAAlB,EAAwBC,IAAxB,CAA6B1B,MAAM,CAACsB,UAApC,CAAf;AACD,CAVD,E,CAYA;AACA;AACA;AACA;;AACAtB,MAAM,CAAC2B,kBAAP,GAA4B3B,MAAM,CAACsB,UAAnC,C,CAEA;AACA;;AACAtB,MAAM,CAACuB,OAAP,GAAiB3B,GAAG,CAAC2B,OAArB","sourcesContent":["import { DDP } from '../common/namespace.js';\nimport { Meteor } from 'meteor/meteor';\n\n// Meteor.refresh can be called on the client (if you're in common code) but it\n// only has an effect on the server.\nMeteor.refresh = () => {};\n\n// By default, try to connect back to the same endpoint as the page\n// was served from.\n//\n// XXX We should be doing this a different way. Right now we don't\n// include ROOT_URL_PATH_PREFIX when computing ddpUrl. (We don't\n// include it on the server when computing\n// DDP_DEFAULT_CONNECTION_URL, and we don't include it in our\n// default, '/'.) We get by with this because DDP.connect then\n// forces the URL passed to it to be interpreted relative to the\n// app's deploy path, even if it is absolute. Instead, we should\n// make DDP_DEFAULT_CONNECTION_URL, if set, include the path prefix;\n// make the default ddpUrl be '' rather that '/'; and make\n// _translateUrl in stream_client_common.js not force absolute paths\n// to be treated like relative paths. See also\n// stream_client_common.js #RationalizingRelativeDDPURLs\nvar ddpUrl = '/';\nif (typeof __meteor_runtime_config__ !== 'undefined') {\n  if (__meteor_runtime_config__.DDP_DEFAULT_CONNECTION_URL)\n    ddpUrl = __meteor_runtime_config__.DDP_DEFAULT_CONNECTION_URL;\n}\n\nvar retry = new Retry();\n\nfunction onDDPVersionNegotiationFailure(description) {\n  Meteor._debug(description);\n  if (Package.reload) {\n    var migrationData =\n      Package.reload.Reload._migrationData('livedata') ||\n      Object.create(null);\n    var failures = migrationData.DDPVersionNegotiationFailures || 0;\n    ++failures;\n    Package.reload.Reload._onMigrate('livedata', () => {\n      return [true, { DDPVersionNegotiationFailures: failures }];\n    });\n    retry.retryLater(failures, () => {\n      Package.reload.Reload._reload();\n    });\n  }\n}\n\nMeteor.connection = DDP.connect(ddpUrl, {\n  onDDPVersionNegotiationFailure: onDDPVersionNegotiationFailure\n});\n\n// Proxy the public methods of Meteor.connection so they can\n// be called directly on Meteor.\n[\n  'subscribe',\n  'methods',\n  'call',\n  'apply',\n  'status',\n  'reconnect',\n  'disconnect'\n].forEach(name => {\n  Meteor[name] = Meteor.connection[name].bind(Meteor.connection);\n});\n\n// Meteor.connection used to be called\n// Meteor.default_connection. Provide backcompat as a courtesy even\n// though it was never documented.\n// XXX COMPAT WITH 0.6.4\nMeteor.default_connection = Meteor.connection;\n\n// We should transition from Meteor.connect to DDP.connect.\n// XXX COMPAT WITH 0.6.4\nMeteor.connect = DDP.connect;\n"]},"sourceType":"script","hash":"460c76686cbcd61b314381c008dd550c5f31b2e4"}
