{"metadata":{},"options":{"compact":false,"sourceMaps":true,"ast":true,"babelrc":false,"configFile":false,"parserOpts":{"sourceType":"module","sourceFileName":"/home/tokir/Meteor/SocialMediaProject/social-network/packages/accounts-base/accounts_common.js","plugins":["*","flow","jsx","asyncGenerators","bigInt","classPrivateMethods","classPrivateProperties","classProperties","doExpressions","dynamicImport","exportDefaultFrom","exportExtensions","exportNamespaceFrom","functionBind","functionSent","importMeta","nullishCoalescingOperator","numericSeparator","objectRestSpread","optionalCatchBinding","optionalChaining",["pipelineOperator",{"proposal":"minimal"}],"throwExpressions","jsx",["flow",{}],["flow",{}],"objectRestSpread","objectRestSpread","dynamicImport","asyncGenerators","classProperties","classPrivateProperties"],"allowImportExportEverywhere":true,"allowReturnOutsideFunction":true,"strictMode":false},"caller":{"name":"meteor","arch":"os.linux.x86_64"},"sourceFileName":"packages/accounts-base/accounts_common.js","filename":"/home/tokir/Meteor/SocialMediaProject/social-network/packages/accounts-base/accounts_common.js","passPerPreset":false,"envName":"development","cwd":"/home/tokir/Meteor/SocialMediaProject/social-network","root":"/home/tokir/Meteor/SocialMediaProject/social-network","plugins":[{"key":"transform-react-jsx","visitor":{"_exploded":{},"_verified":{},"JSXNamespacedName":{"enter":[null]},"JSXSpreadChild":{"enter":[null]},"JSXElement":{"exit":[null]},"JSXFragment":{"exit":[null]},"Program":{"enter":[null],"exit":[null]},"JSXAttribute":{"enter":[null]}},"options":{"pragma":"React.createElement","pragmaFrag":"React.Fragment","throwIfNamespace":true,"useBuiltIns":false}},{"key":"transform-react-display-name","visitor":{"ExportDefaultDeclaration":{"enter":[null]},"CallExpression":{"enter":[null]},"_exploded":true,"_verified":true},"options":{}},{"key":"base$0$0","visitor":{"Program":{"enter":[null]},"_exploded":true,"_verified":true},"options":{"generateLetDeclarations":true,"enforceStrictMode":false}},{"key":"syntax-flow","visitor":{"_exploded":true,"_verified":true},"options":{}},{"key":"transform-flow-strip-types","visitor":{"_exploded":{},"_verified":{},"Program":{"enter":[null]},"ImportDeclaration":{"enter":[null,null]},"ClassProperty":{"enter":[null]},"ClassPrivateProperty":{"enter":[null]},"AssignmentPattern":{"enter":[null]},"TypeCastExpression":{"enter":[null,null]},"CallExpression":{"enter":[null]},"OptionalCallExpression":{"enter":[null]},"NewExpression":{"enter":[null]},"ImportSpecifier":{"enter":[null]},"ClassDeclaration":{"enter":[null]},"ClassExpression":{"enter":[null]},"FunctionDeclaration":{"enter":[null]},"FunctionExpression":{"enter":[null]},"ObjectMethod":{"enter":[null]},"ArrowFunctionExpression":{"enter":[null]},"ClassMethod":{"enter":[null]},"ClassPrivateMethod":{"enter":[null]},"AnyTypeAnnotation":{"enter":[null]},"ArrayTypeAnnotation":{"enter":[null]},"BooleanTypeAnnotation":{"enter":[null]},"BooleanLiteralTypeAnnotation":{"enter":[null]},"NullLiteralTypeAnnotation":{"enter":[null]},"ClassImplements":{"enter":[null]},"DeclareClass":{"enter":[null]},"DeclareFunction":{"enter":[null]},"DeclareInterface":{"enter":[null]},"DeclareModule":{"enter":[null]},"DeclareModuleExports":{"enter":[null]},"DeclareTypeAlias":{"enter":[null]},"DeclareOpaqueType":{"enter":[null]},"DeclareVariable":{"enter":[null]},"DeclareExportDeclaration":{"enter":[null]},"DeclareExportAllDeclaration":{"enter":[null]},"DeclaredPredicate":{"enter":[null]},"ExistsTypeAnnotation":{"enter":[null]},"FunctionTypeAnnotation":{"enter":[null]},"FunctionTypeParam":{"enter":[null]},"GenericTypeAnnotation":{"enter":[null]},"InferredPredicate":{"enter":[null]},"InterfaceExtends":{"enter":[null]},"InterfaceDeclaration":{"enter":[null]},"InterfaceTypeAnnotation":{"enter":[null]},"IntersectionTypeAnnotation":{"enter":[null]},"MixedTypeAnnotation":{"enter":[null]},"EmptyTypeAnnotation":{"enter":[null]},"NullableTypeAnnotation":{"enter":[null]},"NumberLiteralTypeAnnotation":{"enter":[null]},"NumberTypeAnnotation":{"enter":[null]},"ObjectTypeAnnotation":{"enter":[null]},"ObjectTypeInternalSlot":{"enter":[null]},"ObjectTypeCallProperty":{"enter":[null]},"ObjectTypeIndexer":{"enter":[null]},"ObjectTypeProperty":{"enter":[null]},"ObjectTypeSpreadProperty":{"enter":[null]},"OpaqueType":{"enter":[null]},"QualifiedTypeIdentifier":{"enter":[null]},"StringLiteralTypeAnnotation":{"enter":[null]},"StringTypeAnnotation":{"enter":[null]},"ThisTypeAnnotation":{"enter":[null]},"TupleTypeAnnotation":{"enter":[null]},"TypeofTypeAnnotation":{"enter":[null]},"TypeAlias":{"enter":[null]},"TypeAnnotation":{"enter":[null]},"TypeParameter":{"enter":[null]},"TypeParameterDeclaration":{"enter":[null]},"TypeParameterInstantiation":{"enter":[null]},"UnionTypeAnnotation":{"enter":[null]},"Variance":{"enter":[null]},"VoidTypeAnnotation":{"enter":[null]},"ExportAllDeclaration":{"enter":[null]},"ExportDefaultDeclaration":{"enter":[null]},"ExportNamedDeclaration":{"enter":[null]}},"options":{}},{"key":"transform-runtime","visitor":{"CallExpression":{"enter":[null]},"BinaryExpression":{"enter":[null]},"MemberExpression":{"enter":[null],"exit":[null]},"_exploded":true,"_verified":true,"Identifier":{"enter":[null]},"JSXIdentifier":{"enter":[null]}},"options":{}},{"key":"syntax-object-rest-spread","visitor":{"_exploded":true,"_verified":true},"options":{}},{"key":"proposal-object-rest-spread","visitor":{"_exploded":{},"_verified":{},"VariableDeclarator":{"enter":[null]},"ExportNamedDeclaration":{"enter":[null]},"CatchClause":{"enter":[null]},"AssignmentExpression":{"enter":[null]},"ObjectExpression":{"enter":[null]},"FunctionDeclaration":{"enter":[null]},"FunctionExpression":{"enter":[null]},"ObjectMethod":{"enter":[null]},"ArrowFunctionExpression":{"enter":[null]},"ClassMethod":{"enter":[null]},"ClassPrivateMethod":{"enter":[null]},"ForInStatement":{"enter":[null]},"ForOfStatement":{"enter":[null]}},"options":{}},{"key":"transform-meteor-async-await","visitor":{"AwaitExpression":{"enter":[null]},"_exploded":true,"_verified":true,"FunctionDeclaration":{"exit":[null]},"FunctionExpression":{"exit":[null]},"ObjectMethod":{"exit":[null]},"ArrowFunctionExpression":{"exit":[null]},"ClassMethod":{"exit":[null]},"ClassPrivateMethod":{"exit":[null]}},"options":{"useNativeAsyncAwait":false}},{"key":"transform-meteor-dynamic-import","visitor":{"_exploded":{},"_verified":{},"CallExpression":{"enter":[null]}},"options":{}},{"key":"proposal-async-generator-functions","visitor":{"_exploded":{},"_verified":{},"Program":{"enter":[null]}},"options":{}},{"key":"transform-modules-commonjs","visitor":{"Program":{"exit":[null]},"_exploded":true,"_verified":true},"options":{"allowTopLevelThis":true,"strictMode":false,"loose":true}},{"key":"proposal-class-properties","visitor":{"PrivateName":{"enter":[null]},"ExportDefaultDeclaration":{"enter":[null]},"_exploded":true,"_verified":true,"ClassDeclaration":{"enter":[null]},"ClassExpression":{"enter":[null]}},"options":{"loose":true}}],"presets":[],"generatorOpts":{"filename":"/home/tokir/Meteor/SocialMediaProject/social-network/packages/accounts-base/accounts_common.js","comments":true,"compact":false,"sourceMaps":true,"sourceFileName":"packages/accounts-base/accounts_common.js"}},"code":"var _interopRequireDefault = require(\"@babel/runtime/helpers/interopRequireDefault\");\n\nvar _objectSpread2 = _interopRequireDefault(require(\"@babel/runtime/helpers/objectSpread\"));\n\nmodule.export({\n  AccountsCommon: () => AccountsCommon,\n  EXPIRE_TOKENS_INTERVAL_MS: () => EXPIRE_TOKENS_INTERVAL_MS,\n  CONNECTION_CLOSE_DELAY_MS: () => CONNECTION_CLOSE_DELAY_MS\n});\n\nclass AccountsCommon {\n  constructor(options) {\n    // Currently this is read directly by packages like accounts-password\n    // and accounts-ui-unstyled.\n    this._options = {}; // Note that setting this.connection = null causes this.users to be a\n    // LocalCollection, which is not what we want.\n\n    this.connection = undefined;\n\n    this._initConnection(options || {}); // There is an allow call in accounts_server.js that restricts writes to\n    // this collection.\n\n\n    this.users = new Mongo.Collection(\"users\", {\n      _preventAutopublish: true,\n      connection: this.connection\n    }); // Callback exceptions are printed with Meteor._debug and ignored.\n\n    this._onLoginHook = new Hook({\n      bindEnvironment: false,\n      debugPrintExceptions: \"onLogin callback\"\n    });\n    this._onLoginFailureHook = new Hook({\n      bindEnvironment: false,\n      debugPrintExceptions: \"onLoginFailure callback\"\n    });\n    this._onLogoutHook = new Hook({\n      bindEnvironment: false,\n      debugPrintExceptions: \"onLogout callback\"\n    }); // Expose for testing.\n\n    this.DEFAULT_LOGIN_EXPIRATION_DAYS = DEFAULT_LOGIN_EXPIRATION_DAYS;\n    this.LOGIN_UNEXPIRING_TOKEN_DAYS = LOGIN_UNEXPIRING_TOKEN_DAYS; // Thrown when the user cancels the login process (eg, closes an oauth\n    // popup, declines retina scan, etc)\n\n    const lceName = 'Accounts.LoginCancelledError';\n    this.LoginCancelledError = Meteor.makeErrorType(lceName, function (description) {\n      this.message = description;\n    });\n    this.LoginCancelledError.prototype.name = lceName; // This is used to transmit specific subclass errors over the wire. We\n    // should come up with a more generic way to do this (eg, with some sort of\n    // symbolic error code rather than a number).\n\n    this.LoginCancelledError.numericError = 0x8acdc2f; // loginServiceConfiguration and ConfigError are maintained for backwards compatibility\n\n    Meteor.startup(() => {\n      const {\n        ServiceConfiguration\n      } = Package['service-configuration'];\n      this.loginServiceConfiguration = ServiceConfiguration.configurations;\n      this.ConfigError = ServiceConfiguration.ConfigError;\n    });\n  }\n  /**\n   * @summary Get the current user id, or `null` if no user is logged in. A reactive data source.\n   * @locus Anywhere\n   */\n\n\n  userId() {\n    throw new Error(\"userId method not implemented\");\n  }\n  /**\n   * @summary Get the current user record, or `null` if no user is logged in. A reactive data source.\n   * @locus Anywhere\n   */\n\n\n  user() {\n    const userId = this.userId();\n    return userId ? this.users.findOne(userId) : null;\n  } // Set up config for the accounts system. Call this on both the client\n  // and the server.\n  //\n  // Note that this method gets overridden on AccountsServer.prototype, but\n  // the overriding method calls the overridden method.\n  //\n  // XXX we should add some enforcement that this is called on both the\n  // client and the server. Otherwise, a user can\n  // 'forbidClientAccountCreation' only on the client and while it looks\n  // like their app is secure, the server will still accept createUser\n  // calls. https://github.com/meteor/meteor/issues/828\n  //\n  // @param options {Object} an object with fields:\n  // - sendVerificationEmail {Boolean}\n  //     Send email address verification emails to new users created from\n  //     client signups.\n  // - forbidClientAccountCreation {Boolean}\n  //     Do not allow clients to create accounts directly.\n  // - restrictCreationByEmailDomain {Function or String}\n  //     Require created users to have an email matching the function or\n  //     having the string as domain.\n  // - loginExpirationInDays {Number}\n  //     Number of days since login until a user is logged out (login token\n  //     expires).\n  // - passwordResetTokenExpirationInDays {Number}\n  //     Number of days since password reset token creation until the\n  //     token cannt be used any longer (password reset token expires).\n  // - ambiguousErrorMessages {Boolean}\n  //     Return ambiguous error messages from login failures to prevent\n  //     user enumeration.\n  // - bcryptRounds {Number}\n  //     Allows override of number of bcrypt rounds (aka work factor) used\n  //     to store passwords.\n\n  /**\n   * @summary Set global accounts options.\n   * @locus Anywhere\n   * @param {Object} options\n   * @param {Boolean} options.sendVerificationEmail New users with an email address will receive an address verification email.\n   * @param {Boolean} options.forbidClientAccountCreation Calls to [`createUser`](#accounts_createuser) from the client will be rejected. In addition, if you are using [accounts-ui](#accountsui), the \"Create account\" link will not be available.\n   * @param {String | Function} options.restrictCreationByEmailDomain If set to a string, only allows new users if the domain part of their email address matches the string. If set to a function, only allows new users if the function returns true.  The function is passed the full email address of the proposed new user.  Works with password-based sign-in and external services that expose email addresses (Google, Facebook, GitHub). All existing users still can log in after enabling this option. Example: `Accounts.config({ restrictCreationByEmailDomain: 'school.edu' })`.\n   * @param {Number} options.loginExpirationInDays The number of days from when a user logs in until their token expires and they are logged out. Defaults to 90. Set to `null` to disable login expiration.\n   * @param {String} options.oauthSecretKey When using the `oauth-encryption` package, the 16 byte key using to encrypt sensitive account credentials in the database, encoded in base64.  This option may only be specifed on the server.  See packages/oauth-encryption/README.md for details.\n   * @param {Number} options.passwordResetTokenExpirationInDays The number of days from when a link to reset password is sent until token expires and user can't reset password with the link anymore. Defaults to 3.\n   * @param {Number} options.passwordEnrollTokenExpirationInDays The number of days from when a link to set inital password is sent until token expires and user can't set password with the link anymore. Defaults to 30.\n   * @param {Boolean} options.ambiguousErrorMessages Return ambiguous error messages from login failures to prevent user enumeration. Defaults to false.\n   */\n\n\n  config(options) {\n    // We don't want users to accidentally only call Accounts.config on the\n    // client, where some of the options will have partial effects (eg removing\n    // the \"create account\" button from accounts-ui if forbidClientAccountCreation\n    // is set, or redirecting Google login to a specific-domain page) without\n    // having their full effects.\n    if (Meteor.isServer) {\n      __meteor_runtime_config__.accountsConfigCalled = true;\n    } else if (!__meteor_runtime_config__.accountsConfigCalled) {\n      // XXX would be nice to \"crash\" the client and replace the UI with an error\n      // message, but there's no trivial way to do this.\n      Meteor._debug(\"Accounts.config was called on the client but not on the \" + \"server; some configuration options may not take effect.\");\n    } // We need to validate the oauthSecretKey option at the time\n    // Accounts.config is called. We also deliberately don't store the\n    // oauthSecretKey in Accounts._options.\n\n\n    if (Object.prototype.hasOwnProperty.call(options, 'oauthSecretKey')) {\n      if (Meteor.isClient) {\n        throw new Error(\"The oauthSecretKey option may only be specified on the server\");\n      }\n\n      if (!Package[\"oauth-encryption\"]) {\n        throw new Error(\"The oauth-encryption package must be loaded to set oauthSecretKey\");\n      }\n\n      Package[\"oauth-encryption\"].OAuthEncryption.loadKey(options.oauthSecretKey);\n      options = (0, _objectSpread2.default)({}, options);\n      delete options.oauthSecretKey;\n    } // validate option keys\n\n\n    const VALID_KEYS = [\"sendVerificationEmail\", \"forbidClientAccountCreation\", \"passwordEnrollTokenExpirationInDays\", \"restrictCreationByEmailDomain\", \"loginExpirationInDays\", \"passwordResetTokenExpirationInDays\", \"ambiguousErrorMessages\", \"bcryptRounds\"];\n    Object.keys(options).forEach(key => {\n      if (!VALID_KEYS.includes(key)) {\n        throw new Error(`Accounts.config: Invalid key: ${key}`);\n      }\n    }); // set values in Accounts._options\n\n    VALID_KEYS.forEach(key => {\n      if (key in options) {\n        if (key in this._options) {\n          throw new Error(`Can't set \\`${key}\\` more than once`);\n        }\n\n        this._options[key] = options[key];\n      }\n    });\n  }\n  /**\n   * @summary Register a callback to be called after a login attempt succeeds.\n   * @locus Anywhere\n   * @param {Function} func The callback to be called when login is successful.\n   *                        The callback receives a single object that\n   *                        holds login details. This object contains the login\n   *                        result type (password, resume, etc.) on both the\n   *                        client and server. `onLogin` callbacks registered\n   *                        on the server also receive extra data, such\n   *                        as user details, connection information, etc.\n   */\n\n\n  onLogin(func) {\n    return this._onLoginHook.register(func);\n  }\n  /**\n   * @summary Register a callback to be called after a login attempt fails.\n   * @locus Anywhere\n   * @param {Function} func The callback to be called after the login has failed.\n   */\n\n\n  onLoginFailure(func) {\n    return this._onLoginFailureHook.register(func);\n  }\n  /**\n   * @summary Register a callback to be called after a logout attempt succeeds.\n   * @locus Anywhere\n   * @param {Function} func The callback to be called when logout is successful.\n   */\n\n\n  onLogout(func) {\n    return this._onLogoutHook.register(func);\n  }\n\n  _initConnection(options) {\n    if (!Meteor.isClient) {\n      return;\n    } // The connection used by the Accounts system. This is the connection\n    // that will get logged in by Meteor.login(), and this is the\n    // connection whose login state will be reflected by Meteor.userId().\n    //\n    // It would be much preferable for this to be in accounts_client.js,\n    // but it has to be here because it's needed to create the\n    // Meteor.users collection.\n\n\n    if (options.connection) {\n      this.connection = options.connection;\n    } else if (options.ddpUrl) {\n      this.connection = DDP.connect(options.ddpUrl);\n    } else if (typeof __meteor_runtime_config__ !== \"undefined\" && __meteor_runtime_config__.ACCOUNTS_CONNECTION_URL) {\n      // Temporary, internal hook to allow the server to point the client\n      // to a different authentication server. This is for a very\n      // particular use case that comes up when implementing a oauth\n      // server. Unsupported and may go away at any point in time.\n      //\n      // We will eventually provide a general way to use account-base\n      // against any DDP connection, not just one special one.\n      this.connection = DDP.connect(__meteor_runtime_config__.ACCOUNTS_CONNECTION_URL);\n    } else {\n      this.connection = Meteor.connection;\n    }\n  }\n\n  _getTokenLifetimeMs() {\n    // When loginExpirationInDays is set to null, we'll use a really high\n    // number of days (LOGIN_UNEXPIRABLE_TOKEN_DAYS) to simulate an\n    // unexpiring token.\n    const loginExpirationInDays = this._options.loginExpirationInDays === null ? LOGIN_UNEXPIRING_TOKEN_DAYS : this._options.loginExpirationInDays;\n    return (loginExpirationInDays || DEFAULT_LOGIN_EXPIRATION_DAYS) * 24 * 60 * 60 * 1000;\n  }\n\n  _getPasswordResetTokenLifetimeMs() {\n    return (this._options.passwordResetTokenExpirationInDays || DEFAULT_PASSWORD_RESET_TOKEN_EXPIRATION_DAYS) * 24 * 60 * 60 * 1000;\n  }\n\n  _getPasswordEnrollTokenLifetimeMs() {\n    return (this._options.passwordEnrollTokenExpirationInDays || DEFAULT_PASSWORD_ENROLL_TOKEN_EXPIRATION_DAYS) * 24 * 60 * 60 * 1000;\n  }\n\n  _tokenExpiration(when) {\n    // We pass when through the Date constructor for backwards compatibility;\n    // `when` used to be a number.\n    return new Date(new Date(when).getTime() + this._getTokenLifetimeMs());\n  }\n\n  _tokenExpiresSoon(when) {\n    let minLifetimeMs = .1 * this._getTokenLifetimeMs();\n\n    const minLifetimeCapMs = MIN_TOKEN_LIFETIME_CAP_SECS * 1000;\n\n    if (minLifetimeMs > minLifetimeCapMs) {\n      minLifetimeMs = minLifetimeCapMs;\n    }\n\n    return new Date() > new Date(when) - minLifetimeMs;\n  }\n\n}\n\n// Note that Accounts is defined separately in accounts_client.js and\n// accounts_server.js.\n\n/**\n * @summary Get the current user id, or `null` if no user is logged in. A reactive data source.\n * @locus Anywhere but publish functions\n * @importFromPackage meteor\n */\nMeteor.userId = () => Accounts.userId();\n/**\n * @summary Get the current user record, or `null` if no user is logged in. A reactive data source.\n * @locus Anywhere but publish functions\n * @importFromPackage meteor\n */\n\n\nMeteor.user = () => Accounts.user(); // how long (in days) until a login token expires\n\n\nconst DEFAULT_LOGIN_EXPIRATION_DAYS = 90; // how long (in days) until reset password token expires\n\nconst DEFAULT_PASSWORD_RESET_TOKEN_EXPIRATION_DAYS = 3; // how long (in days) until enrol password token expires\n\nconst DEFAULT_PASSWORD_ENROLL_TOKEN_EXPIRATION_DAYS = 30; // Clients don't try to auto-login with a token that is going to expire within\n// .1 * DEFAULT_LOGIN_EXPIRATION_DAYS, capped at MIN_TOKEN_LIFETIME_CAP_SECS.\n// Tries to avoid abrupt disconnects from expiring tokens.\n\nconst MIN_TOKEN_LIFETIME_CAP_SECS = 3600; // one hour\n// how often (in milliseconds) we check for expired tokens\n\nconst EXPIRE_TOKENS_INTERVAL_MS = 600 * 1000;\nconst CONNECTION_CLOSE_DELAY_MS = 10 * 1000;\n// A large number of expiration days (approximately 100 years worth) that is\n// used when creating unexpiring tokens.\nconst LOGIN_UNEXPIRING_TOKEN_DAYS = 365 * 100;","map":{"version":3,"sources":["packages/accounts-base/accounts_common.js"],"names":["module","export","AccountsCommon","EXPIRE_TOKENS_INTERVAL_MS","CONNECTION_CLOSE_DELAY_MS","constructor","options","_options","connection","undefined","_initConnection","users","Mongo","Collection","_preventAutopublish","_onLoginHook","Hook","bindEnvironment","debugPrintExceptions","_onLoginFailureHook","_onLogoutHook","DEFAULT_LOGIN_EXPIRATION_DAYS","LOGIN_UNEXPIRING_TOKEN_DAYS","lceName","LoginCancelledError","Meteor","makeErrorType","description","message","prototype","name","numericError","startup","ServiceConfiguration","Package","loginServiceConfiguration","configurations","ConfigError","userId","Error","user","findOne","config","isServer","__meteor_runtime_config__","accountsConfigCalled","_debug","Object","hasOwnProperty","call","isClient","OAuthEncryption","loadKey","oauthSecretKey","VALID_KEYS","keys","forEach","key","includes","onLogin","func","register","onLoginFailure","onLogout","ddpUrl","DDP","connect","ACCOUNTS_CONNECTION_URL","_getTokenLifetimeMs","loginExpirationInDays","_getPasswordResetTokenLifetimeMs","passwordResetTokenExpirationInDays","DEFAULT_PASSWORD_RESET_TOKEN_EXPIRATION_DAYS","_getPasswordEnrollTokenLifetimeMs","passwordEnrollTokenExpirationInDays","DEFAULT_PASSWORD_ENROLL_TOKEN_EXPIRATION_DAYS","_tokenExpiration","when","Date","getTime","_tokenExpiresSoon","minLifetimeMs","minLifetimeCapMs","MIN_TOKEN_LIFETIME_CAP_SECS","Accounts"],"mappings":";;;;AAAAA,MAAM,CAACC,MAAP,CAAc;AAACC,EAAAA,cAAc,EAAC,MAAIA,cAApB;AAAmCC,EAAAA,yBAAyB,EAAC,MAAIA,yBAAjE;AAA2FC,EAAAA,yBAAyB,EAAC,MAAIA;AAAzH,CAAd;;AASO,MAAMF,cAAN,CAAqB;AAC1BG,EAAAA,WAAW,CAACC,OAAD,EAAU;AACnB;AACA;AACA,SAAKC,QAAL,GAAgB,EAAhB,CAHmB,CAKnB;AACA;;AACA,SAAKC,UAAL,GAAkBC,SAAlB;;AACA,SAAKC,eAAL,CAAqBJ,OAAO,IAAI,EAAhC,EARmB,CAUnB;AACA;;;AACA,SAAKK,KAAL,GAAa,IAAIC,KAAK,CAACC,UAAV,CAAqB,OAArB,EAA8B;AACzCC,MAAAA,mBAAmB,EAAE,IADoB;AAEzCN,MAAAA,UAAU,EAAE,KAAKA;AAFwB,KAA9B,CAAb,CAZmB,CAiBnB;;AACA,SAAKO,YAAL,GAAoB,IAAIC,IAAJ,CAAS;AAC3BC,MAAAA,eAAe,EAAE,KADU;AAE3BC,MAAAA,oBAAoB,EAAE;AAFK,KAAT,CAApB;AAKA,SAAKC,mBAAL,GAA2B,IAAIH,IAAJ,CAAS;AAClCC,MAAAA,eAAe,EAAE,KADiB;AAElCC,MAAAA,oBAAoB,EAAE;AAFY,KAAT,CAA3B;AAKA,SAAKE,aAAL,GAAqB,IAAIJ,IAAJ,CAAS;AAC5BC,MAAAA,eAAe,EAAE,KADW;AAE5BC,MAAAA,oBAAoB,EAAE;AAFM,KAAT,CAArB,CA5BmB,CAiCnB;;AACA,SAAKG,6BAAL,GAAqCA,6BAArC;AACA,SAAKC,2BAAL,GAAmCA,2BAAnC,CAnCmB,CAqCnB;AACA;;AACA,UAAMC,OAAO,GAAG,8BAAhB;AACA,SAAKC,mBAAL,GAA2BC,MAAM,CAACC,aAAP,CACzBH,OADyB,EAEzB,UAAUI,WAAV,EAAuB;AACrB,WAAKC,OAAL,GAAeD,WAAf;AACD,KAJwB,CAA3B;AAMA,SAAKH,mBAAL,CAAyBK,SAAzB,CAAmCC,IAAnC,GAA0CP,OAA1C,CA9CmB,CAgDnB;AACA;AACA;;AACA,SAAKC,mBAAL,CAAyBO,YAAzB,GAAwC,SAAxC,CAnDmB,CAqDnB;;AACAN,IAAAA,MAAM,CAACO,OAAP,CAAe,MAAM;AACnB,YAAM;AAAEC,QAAAA;AAAF,UAA2BC,OAAO,CAAC,uBAAD,CAAxC;AACA,WAAKC,yBAAL,GAAiCF,oBAAoB,CAACG,cAAtD;AACA,WAAKC,WAAL,GAAmBJ,oBAAoB,CAACI,WAAxC;AACD,KAJD;AAKD;AAED;;;;;;AAIAC,EAAAA,MAAM,GAAG;AACP,UAAM,IAAIC,KAAJ,CAAU,+BAAV,CAAN;AACD;AAED;;;;;;AAIAC,EAAAA,IAAI,GAAG;AACL,UAAMF,MAAM,GAAG,KAAKA,MAAL,EAAf;AACA,WAAOA,MAAM,GAAG,KAAK3B,KAAL,CAAW8B,OAAX,CAAmBH,MAAnB,CAAH,GAAgC,IAA7C;AACD,GA7EyB,CA+E1B;AACA;AACA;AACA;AACA;AACA;AACA;AACA;AACA;AACA;AACA;AACA;AACA;AACA;AACA;AACA;AACA;AACA;AACA;AACA;AACA;AACA;AACA;AACA;AACA;AACA;AACA;AACA;AACA;AACA;AACA;AACA;AACA;;AAEA;;;;;;;;;;;;;;;AAaAI,EAAAA,MAAM,CAACpC,OAAD,EAAU;AACd;AACA;AACA;AACA;AACA;AACA,QAAImB,MAAM,CAACkB,QAAX,EAAqB;AACnBC,MAAAA,yBAAyB,CAACC,oBAA1B,GAAiD,IAAjD;AACD,KAFD,MAEO,IAAI,CAACD,yBAAyB,CAACC,oBAA/B,EAAqD;AAC1D;AACA;AACApB,MAAAA,MAAM,CAACqB,MAAP,CAAc,6DACA,yDADd;AAED,KAba,CAed;AACA;AACA;;;AACA,QAAIC,MAAM,CAAClB,SAAP,CAAiBmB,cAAjB,CAAgCC,IAAhC,CAAqC3C,OAArC,EAA8C,gBAA9C,CAAJ,EAAqE;AACnE,UAAImB,MAAM,CAACyB,QAAX,EAAqB;AACnB,cAAM,IAAIX,KAAJ,CAAU,+DAAV,CAAN;AACD;;AACD,UAAI,CAAEL,OAAO,CAAC,kBAAD,CAAb,EAAmC;AACjC,cAAM,IAAIK,KAAJ,CAAU,mEAAV,CAAN;AACD;;AACDL,MAAAA,OAAO,CAAC,kBAAD,CAAP,CAA4BiB,eAA5B,CAA4CC,OAA5C,CAAoD9C,OAAO,CAAC+C,cAA5D;AACA/C,MAAAA,OAAO,mCAAQA,OAAR,CAAP;AACA,aAAOA,OAAO,CAAC+C,cAAf;AACD,KA5Ba,CA8Bd;;;AACA,UAAMC,UAAU,GAAG,CAAC,uBAAD,EAA0B,6BAA1B,EAAyD,qCAAzD,EACD,+BADC,EACgC,uBADhC,EACyD,oCADzD,EAED,wBAFC,EAEyB,cAFzB,CAAnB;AAGAP,IAAAA,MAAM,CAACQ,IAAP,CAAYjD,OAAZ,EAAqBkD,OAArB,CAA6BC,GAAG,IAAI;AAClC,UAAI,CAACH,UAAU,CAACI,QAAX,CAAoBD,GAApB,CAAL,EAA+B;AAC7B,cAAM,IAAIlB,KAAJ,CAAW,iCAAgCkB,GAAI,EAA/C,CAAN;AACD;AACF,KAJD,EAlCc,CAwCd;;AACAH,IAAAA,UAAU,CAACE,OAAX,CAAmBC,GAAG,IAAI;AACxB,UAAIA,GAAG,IAAInD,OAAX,EAAoB;AAClB,YAAImD,GAAG,IAAI,KAAKlD,QAAhB,EAA0B;AACxB,gBAAM,IAAIgC,KAAJ,CAAW,eAAckB,GAAI,mBAA7B,CAAN;AACD;;AACD,aAAKlD,QAAL,CAAckD,GAAd,IAAqBnD,OAAO,CAACmD,GAAD,CAA5B;AACD;AACF,KAPD;AAQD;AAED;;;;;;;;;;;;;AAWAE,EAAAA,OAAO,CAACC,IAAD,EAAO;AACZ,WAAO,KAAK7C,YAAL,CAAkB8C,QAAlB,CAA2BD,IAA3B,CAAP;AACD;AAED;;;;;;;AAKAE,EAAAA,cAAc,CAACF,IAAD,EAAO;AACnB,WAAO,KAAKzC,mBAAL,CAAyB0C,QAAzB,CAAkCD,IAAlC,CAAP;AACD;AAED;;;;;;;AAKAG,EAAAA,QAAQ,CAACH,IAAD,EAAO;AACb,WAAO,KAAKxC,aAAL,CAAmByC,QAAnB,CAA4BD,IAA5B,CAAP;AACD;;AAEDlD,EAAAA,eAAe,CAACJ,OAAD,EAAU;AACvB,QAAI,CAAEmB,MAAM,CAACyB,QAAb,EAAuB;AACrB;AACD,KAHsB,CAKvB;AACA;AACA;AACA;AACA;AACA;AACA;;;AACA,QAAI5C,OAAO,CAACE,UAAZ,EAAwB;AACtB,WAAKA,UAAL,GAAkBF,OAAO,CAACE,UAA1B;AACD,KAFD,MAEO,IAAIF,OAAO,CAAC0D,MAAZ,EAAoB;AACzB,WAAKxD,UAAL,GAAkByD,GAAG,CAACC,OAAJ,CAAY5D,OAAO,CAAC0D,MAApB,CAAlB;AACD,KAFM,MAEA,IAAI,OAAOpB,yBAAP,KAAqC,WAArC,IACAA,yBAAyB,CAACuB,uBAD9B,EACuD;AAC5D;AACA;AACA;AACA;AACA;AACA;AACA;AACA,WAAK3D,UAAL,GACEyD,GAAG,CAACC,OAAJ,CAAYtB,yBAAyB,CAACuB,uBAAtC,CADF;AAED,KAXM,MAWA;AACL,WAAK3D,UAAL,GAAkBiB,MAAM,CAACjB,UAAzB;AACD;AACF;;AAED4D,EAAAA,mBAAmB,GAAG;AACpB;AACA;AACA;AACA,UAAMC,qBAAqB,GACxB,KAAK9D,QAAL,CAAc8D,qBAAd,KAAwC,IAAzC,GACI/C,2BADJ,GAEI,KAAKf,QAAL,CAAc8D,qBAHpB;AAIA,WAAO,CAACA,qBAAqB,IACtBhD,6BADA,IACiC,EADjC,GACsC,EADtC,GAC2C,EAD3C,GACgD,IADvD;AAED;;AAEDiD,EAAAA,gCAAgC,GAAG;AACjC,WAAO,CAAC,KAAK/D,QAAL,CAAcgE,kCAAd,IACAC,4CADD,IACiD,EADjD,GACsD,EADtD,GAC2D,EAD3D,GACgE,IADvE;AAED;;AAEDC,EAAAA,iCAAiC,GAAG;AAClC,WAAO,CAAC,KAAKlE,QAAL,CAAcmE,mCAAd,IACJC,6CADG,IAC8C,EAD9C,GACmD,EADnD,GACwD,EADxD,GAC6D,IADpE;AAED;;AAEDC,EAAAA,gBAAgB,CAACC,IAAD,EAAO;AACrB;AACA;AACA,WAAO,IAAIC,IAAJ,CAAU,IAAIA,IAAJ,CAASD,IAAT,CAAD,CAAiBE,OAAjB,KAA6B,KAAKX,mBAAL,EAAtC,CAAP;AACD;;AAEDY,EAAAA,iBAAiB,CAACH,IAAD,EAAO;AACtB,QAAII,aAAa,GAAG,KAAK,KAAKb,mBAAL,EAAzB;;AACA,UAAMc,gBAAgB,GAAGC,2BAA2B,GAAG,IAAvD;;AACA,QAAIF,aAAa,GAAGC,gBAApB,EAAsC;AACpCD,MAAAA,aAAa,GAAGC,gBAAhB;AACD;;AACD,WAAO,IAAIJ,IAAJ,KAAc,IAAIA,IAAJ,CAASD,IAAT,IAAiBI,aAAtC;AACD;;AArRyB;;AAwR5B;AACA;;AAEA;;;;;AAKAxD,MAAM,CAACa,MAAP,GAAgB,MAAM8C,QAAQ,CAAC9C,MAAT,EAAtB;AAEA;;;;;;;AAKAb,MAAM,CAACe,IAAP,GAAc,MAAM4C,QAAQ,CAAC5C,IAAT,EAApB,C,CAEA;;;AACA,MAAMnB,6BAA6B,GAAG,EAAtC,C,CACA;;AACA,MAAMmD,4CAA4C,GAAG,CAArD,C,CACA;;AACA,MAAMG,6CAA6C,GAAG,EAAtD,C,CACA;AACA;AACA;;AACA,MAAMQ,2BAA2B,GAAG,IAApC,C,CAA0C;AAC1C;;AACO,MAAMhF,yBAAyB,GAAG,MAAM,IAAxC;AAGA,MAAMC,yBAAyB,GAAG,KAAK,IAAvC;AACP;AACA;AACA,MAAMkB,2BAA2B,GAAG,MAAM,GAA1C","sourcesContent":["/**\n * @summary Super-constructor for AccountsClient and AccountsServer.\n * @locus Anywhere\n * @class AccountsCommon\n * @instancename accountsClientOrServer\n * @param options {Object} an object with fields:\n * - connection {Object} Optional DDP connection to reuse.\n * - ddpUrl {String} Optional URL for creating a new DDP connection.\n */\nexport class AccountsCommon {\n  constructor(options) {\n    // Currently this is read directly by packages like accounts-password\n    // and accounts-ui-unstyled.\n    this._options = {};\n\n    // Note that setting this.connection = null causes this.users to be a\n    // LocalCollection, which is not what we want.\n    this.connection = undefined;\n    this._initConnection(options || {});\n\n    // There is an allow call in accounts_server.js that restricts writes to\n    // this collection.\n    this.users = new Mongo.Collection(\"users\", {\n      _preventAutopublish: true,\n      connection: this.connection\n    });\n\n    // Callback exceptions are printed with Meteor._debug and ignored.\n    this._onLoginHook = new Hook({\n      bindEnvironment: false,\n      debugPrintExceptions: \"onLogin callback\"\n    });\n\n    this._onLoginFailureHook = new Hook({\n      bindEnvironment: false,\n      debugPrintExceptions: \"onLoginFailure callback\"\n    });\n\n    this._onLogoutHook = new Hook({\n      bindEnvironment: false,\n      debugPrintExceptions: \"onLogout callback\"\n    });\n\n    // Expose for testing.\n    this.DEFAULT_LOGIN_EXPIRATION_DAYS = DEFAULT_LOGIN_EXPIRATION_DAYS;\n    this.LOGIN_UNEXPIRING_TOKEN_DAYS = LOGIN_UNEXPIRING_TOKEN_DAYS;\n\n    // Thrown when the user cancels the login process (eg, closes an oauth\n    // popup, declines retina scan, etc)\n    const lceName = 'Accounts.LoginCancelledError';\n    this.LoginCancelledError = Meteor.makeErrorType(\n      lceName,\n      function (description) {\n        this.message = description;\n      }\n    );\n    this.LoginCancelledError.prototype.name = lceName;\n\n    // This is used to transmit specific subclass errors over the wire. We\n    // should come up with a more generic way to do this (eg, with some sort of\n    // symbolic error code rather than a number).\n    this.LoginCancelledError.numericError = 0x8acdc2f;\n\n    // loginServiceConfiguration and ConfigError are maintained for backwards compatibility\n    Meteor.startup(() => {\n      const { ServiceConfiguration } = Package['service-configuration'];\n      this.loginServiceConfiguration = ServiceConfiguration.configurations;\n      this.ConfigError = ServiceConfiguration.ConfigError;\n    });\n  }\n\n  /**\n   * @summary Get the current user id, or `null` if no user is logged in. A reactive data source.\n   * @locus Anywhere\n   */\n  userId() {\n    throw new Error(\"userId method not implemented\");\n  }\n\n  /**\n   * @summary Get the current user record, or `null` if no user is logged in. A reactive data source.\n   * @locus Anywhere\n   */\n  user() {\n    const userId = this.userId();\n    return userId ? this.users.findOne(userId) : null;\n  }\n\n  // Set up config for the accounts system. Call this on both the client\n  // and the server.\n  //\n  // Note that this method gets overridden on AccountsServer.prototype, but\n  // the overriding method calls the overridden method.\n  //\n  // XXX we should add some enforcement that this is called on both the\n  // client and the server. Otherwise, a user can\n  // 'forbidClientAccountCreation' only on the client and while it looks\n  // like their app is secure, the server will still accept createUser\n  // calls. https://github.com/meteor/meteor/issues/828\n  //\n  // @param options {Object} an object with fields:\n  // - sendVerificationEmail {Boolean}\n  //     Send email address verification emails to new users created from\n  //     client signups.\n  // - forbidClientAccountCreation {Boolean}\n  //     Do not allow clients to create accounts directly.\n  // - restrictCreationByEmailDomain {Function or String}\n  //     Require created users to have an email matching the function or\n  //     having the string as domain.\n  // - loginExpirationInDays {Number}\n  //     Number of days since login until a user is logged out (login token\n  //     expires).\n  // - passwordResetTokenExpirationInDays {Number}\n  //     Number of days since password reset token creation until the\n  //     token cannt be used any longer (password reset token expires).\n  // - ambiguousErrorMessages {Boolean}\n  //     Return ambiguous error messages from login failures to prevent\n  //     user enumeration.\n  // - bcryptRounds {Number}\n  //     Allows override of number of bcrypt rounds (aka work factor) used\n  //     to store passwords.\n\n  /**\n   * @summary Set global accounts options.\n   * @locus Anywhere\n   * @param {Object} options\n   * @param {Boolean} options.sendVerificationEmail New users with an email address will receive an address verification email.\n   * @param {Boolean} options.forbidClientAccountCreation Calls to [`createUser`](#accounts_createuser) from the client will be rejected. In addition, if you are using [accounts-ui](#accountsui), the \"Create account\" link will not be available.\n   * @param {String | Function} options.restrictCreationByEmailDomain If set to a string, only allows new users if the domain part of their email address matches the string. If set to a function, only allows new users if the function returns true.  The function is passed the full email address of the proposed new user.  Works with password-based sign-in and external services that expose email addresses (Google, Facebook, GitHub). All existing users still can log in after enabling this option. Example: `Accounts.config({ restrictCreationByEmailDomain: 'school.edu' })`.\n   * @param {Number} options.loginExpirationInDays The number of days from when a user logs in until their token expires and they are logged out. Defaults to 90. Set to `null` to disable login expiration.\n   * @param {String} options.oauthSecretKey When using the `oauth-encryption` package, the 16 byte key using to encrypt sensitive account credentials in the database, encoded in base64.  This option may only be specifed on the server.  See packages/oauth-encryption/README.md for details.\n   * @param {Number} options.passwordResetTokenExpirationInDays The number of days from when a link to reset password is sent until token expires and user can't reset password with the link anymore. Defaults to 3.\n   * @param {Number} options.passwordEnrollTokenExpirationInDays The number of days from when a link to set inital password is sent until token expires and user can't set password with the link anymore. Defaults to 30.\n   * @param {Boolean} options.ambiguousErrorMessages Return ambiguous error messages from login failures to prevent user enumeration. Defaults to false.\n   */\n  config(options) {\n    // We don't want users to accidentally only call Accounts.config on the\n    // client, where some of the options will have partial effects (eg removing\n    // the \"create account\" button from accounts-ui if forbidClientAccountCreation\n    // is set, or redirecting Google login to a specific-domain page) without\n    // having their full effects.\n    if (Meteor.isServer) {\n      __meteor_runtime_config__.accountsConfigCalled = true;\n    } else if (!__meteor_runtime_config__.accountsConfigCalled) {\n      // XXX would be nice to \"crash\" the client and replace the UI with an error\n      // message, but there's no trivial way to do this.\n      Meteor._debug(\"Accounts.config was called on the client but not on the \" +\n                    \"server; some configuration options may not take effect.\");\n    }\n\n    // We need to validate the oauthSecretKey option at the time\n    // Accounts.config is called. We also deliberately don't store the\n    // oauthSecretKey in Accounts._options.\n    if (Object.prototype.hasOwnProperty.call(options, 'oauthSecretKey')) {\n      if (Meteor.isClient) {\n        throw new Error(\"The oauthSecretKey option may only be specified on the server\");\n      }\n      if (! Package[\"oauth-encryption\"]) {\n        throw new Error(\"The oauth-encryption package must be loaded to set oauthSecretKey\");\n      }\n      Package[\"oauth-encryption\"].OAuthEncryption.loadKey(options.oauthSecretKey);\n      options = { ...options };\n      delete options.oauthSecretKey;\n    }\n\n    // validate option keys\n    const VALID_KEYS = [\"sendVerificationEmail\", \"forbidClientAccountCreation\", \"passwordEnrollTokenExpirationInDays\",\n                      \"restrictCreationByEmailDomain\", \"loginExpirationInDays\", \"passwordResetTokenExpirationInDays\",\n                      \"ambiguousErrorMessages\", \"bcryptRounds\"];\n    Object.keys(options).forEach(key => {\n      if (!VALID_KEYS.includes(key)) {\n        throw new Error(`Accounts.config: Invalid key: ${key}`);\n      }\n    });\n\n    // set values in Accounts._options\n    VALID_KEYS.forEach(key => {\n      if (key in options) {\n        if (key in this._options) {\n          throw new Error(`Can't set \\`${key}\\` more than once`);\n        }\n        this._options[key] = options[key];\n      }\n    });\n  }\n\n  /**\n   * @summary Register a callback to be called after a login attempt succeeds.\n   * @locus Anywhere\n   * @param {Function} func The callback to be called when login is successful.\n   *                        The callback receives a single object that\n   *                        holds login details. This object contains the login\n   *                        result type (password, resume, etc.) on both the\n   *                        client and server. `onLogin` callbacks registered\n   *                        on the server also receive extra data, such\n   *                        as user details, connection information, etc.\n   */\n  onLogin(func) {\n    return this._onLoginHook.register(func);\n  }\n\n  /**\n   * @summary Register a callback to be called after a login attempt fails.\n   * @locus Anywhere\n   * @param {Function} func The callback to be called after the login has failed.\n   */\n  onLoginFailure(func) {\n    return this._onLoginFailureHook.register(func);\n  }\n\n  /**\n   * @summary Register a callback to be called after a logout attempt succeeds.\n   * @locus Anywhere\n   * @param {Function} func The callback to be called when logout is successful.\n   */\n  onLogout(func) {\n    return this._onLogoutHook.register(func);\n  }\n\n  _initConnection(options) {\n    if (! Meteor.isClient) {\n      return;\n    }\n\n    // The connection used by the Accounts system. This is the connection\n    // that will get logged in by Meteor.login(), and this is the\n    // connection whose login state will be reflected by Meteor.userId().\n    //\n    // It would be much preferable for this to be in accounts_client.js,\n    // but it has to be here because it's needed to create the\n    // Meteor.users collection.\n    if (options.connection) {\n      this.connection = options.connection;\n    } else if (options.ddpUrl) {\n      this.connection = DDP.connect(options.ddpUrl);\n    } else if (typeof __meteor_runtime_config__ !== \"undefined\" &&\n               __meteor_runtime_config__.ACCOUNTS_CONNECTION_URL) {\n      // Temporary, internal hook to allow the server to point the client\n      // to a different authentication server. This is for a very\n      // particular use case that comes up when implementing a oauth\n      // server. Unsupported and may go away at any point in time.\n      //\n      // We will eventually provide a general way to use account-base\n      // against any DDP connection, not just one special one.\n      this.connection =\n        DDP.connect(__meteor_runtime_config__.ACCOUNTS_CONNECTION_URL);\n    } else {\n      this.connection = Meteor.connection;\n    }\n  }\n\n  _getTokenLifetimeMs() {\n    // When loginExpirationInDays is set to null, we'll use a really high\n    // number of days (LOGIN_UNEXPIRABLE_TOKEN_DAYS) to simulate an\n    // unexpiring token.\n    const loginExpirationInDays =\n      (this._options.loginExpirationInDays === null)\n        ? LOGIN_UNEXPIRING_TOKEN_DAYS\n        : this._options.loginExpirationInDays;\n    return (loginExpirationInDays\n        || DEFAULT_LOGIN_EXPIRATION_DAYS) * 24 * 60 * 60 * 1000;\n  }\n\n  _getPasswordResetTokenLifetimeMs() {\n    return (this._options.passwordResetTokenExpirationInDays ||\n            DEFAULT_PASSWORD_RESET_TOKEN_EXPIRATION_DAYS) * 24 * 60 * 60 * 1000;\n  }\n\n  _getPasswordEnrollTokenLifetimeMs() {\n    return (this._options.passwordEnrollTokenExpirationInDays ||\n        DEFAULT_PASSWORD_ENROLL_TOKEN_EXPIRATION_DAYS) * 24 * 60 * 60 * 1000;\n  }\n\n  _tokenExpiration(when) {\n    // We pass when through the Date constructor for backwards compatibility;\n    // `when` used to be a number.\n    return new Date((new Date(when)).getTime() + this._getTokenLifetimeMs());\n  }\n\n  _tokenExpiresSoon(when) {\n    let minLifetimeMs = .1 * this._getTokenLifetimeMs();\n    const minLifetimeCapMs = MIN_TOKEN_LIFETIME_CAP_SECS * 1000;\n    if (minLifetimeMs > minLifetimeCapMs) {\n      minLifetimeMs = minLifetimeCapMs;\n    }\n    return new Date() > (new Date(when) - minLifetimeMs);\n  }\n}\n\n// Note that Accounts is defined separately in accounts_client.js and\n// accounts_server.js.\n\n/**\n * @summary Get the current user id, or `null` if no user is logged in. A reactive data source.\n * @locus Anywhere but publish functions\n * @importFromPackage meteor\n */\nMeteor.userId = () => Accounts.userId();\n\n/**\n * @summary Get the current user record, or `null` if no user is logged in. A reactive data source.\n * @locus Anywhere but publish functions\n * @importFromPackage meteor\n */\nMeteor.user = () => Accounts.user();\n\n// how long (in days) until a login token expires\nconst DEFAULT_LOGIN_EXPIRATION_DAYS = 90;\n// how long (in days) until reset password token expires\nconst DEFAULT_PASSWORD_RESET_TOKEN_EXPIRATION_DAYS = 3;\n// how long (in days) until enrol password token expires\nconst DEFAULT_PASSWORD_ENROLL_TOKEN_EXPIRATION_DAYS = 30;\n// Clients don't try to auto-login with a token that is going to expire within\n// .1 * DEFAULT_LOGIN_EXPIRATION_DAYS, capped at MIN_TOKEN_LIFETIME_CAP_SECS.\n// Tries to avoid abrupt disconnects from expiring tokens.\nconst MIN_TOKEN_LIFETIME_CAP_SECS = 3600; // one hour\n// how often (in milliseconds) we check for expired tokens\nexport const EXPIRE_TOKENS_INTERVAL_MS = 600 * 1000; // 10 minutes\n// how long we wait before logging out clients when Meteor.logoutOtherClients is\n// called\nexport const CONNECTION_CLOSE_DELAY_MS = 10 * 1000;\n// A large number of expiration days (approximately 100 years worth) that is\n// used when creating unexpiring tokens.\nconst LOGIN_UNEXPIRING_TOKEN_DAYS = 365 * 100;\n"]},"sourceType":"script","hash":"596454eb62c38e42df0d6fbf505fdcfe77823dc4"}
