{"metadata":{},"options":{"compact":false,"sourceMaps":true,"ast":true,"babelrc":false,"configFile":false,"parserOpts":{"sourceType":"module","sourceFileName":"/home/tokir/Meteor/SocialMediaProject/social-network/packages/accounts-oauth/oauth_server.js","plugins":["*","flow","jsx","asyncGenerators","bigInt","classPrivateMethods","classPrivateProperties","classProperties","doExpressions","dynamicImport","exportDefaultFrom","exportExtensions","exportNamespaceFrom","functionBind","functionSent","importMeta","nullishCoalescingOperator","numericSeparator","objectRestSpread","optionalCatchBinding","optionalChaining",["pipelineOperator",{"proposal":"minimal"}],"throwExpressions","jsx",["flow",{}],["flow",{}],"objectRestSpread","objectRestSpread","dynamicImport","asyncGenerators","classProperties","classPrivateProperties"],"allowImportExportEverywhere":true,"allowReturnOutsideFunction":true,"strictMode":false},"caller":{"name":"meteor","arch":"os.linux.x86_64"},"sourceFileName":"packages/accounts-oauth/oauth_server.js","filename":"/home/tokir/Meteor/SocialMediaProject/social-network/packages/accounts-oauth/oauth_server.js","passPerPreset":false,"envName":"development","cwd":"/home/tokir/Meteor/SocialMediaProject/social-network","root":"/home/tokir/Meteor/SocialMediaProject/social-network","plugins":[{"key":"transform-react-jsx","visitor":{"_exploded":{},"_verified":{},"JSXNamespacedName":{"enter":[null]},"JSXSpreadChild":{"enter":[null]},"JSXElement":{"exit":[null]},"JSXFragment":{"exit":[null]},"Program":{"enter":[null],"exit":[null]},"JSXAttribute":{"enter":[null]}},"options":{"pragma":"React.createElement","pragmaFrag":"React.Fragment","throwIfNamespace":true,"useBuiltIns":false}},{"key":"transform-react-display-name","visitor":{"ExportDefaultDeclaration":{"enter":[null]},"CallExpression":{"enter":[null]},"_exploded":true,"_verified":true},"options":{}},{"key":"base$0$0","visitor":{"Program":{"enter":[null]},"_exploded":true,"_verified":true},"options":{"generateLetDeclarations":true,"enforceStrictMode":false}},{"key":"syntax-flow","visitor":{"_exploded":true,"_verified":true},"options":{}},{"key":"transform-flow-strip-types","visitor":{"_exploded":{},"_verified":{},"Program":{"enter":[null]},"ImportDeclaration":{"enter":[null,null]},"ClassProperty":{"enter":[null]},"ClassPrivateProperty":{"enter":[null]},"AssignmentPattern":{"enter":[null]},"TypeCastExpression":{"enter":[null,null]},"CallExpression":{"enter":[null]},"OptionalCallExpression":{"enter":[null]},"NewExpression":{"enter":[null]},"ImportSpecifier":{"enter":[null]},"ClassDeclaration":{"enter":[null]},"ClassExpression":{"enter":[null]},"FunctionDeclaration":{"enter":[null]},"FunctionExpression":{"enter":[null]},"ObjectMethod":{"enter":[null]},"ArrowFunctionExpression":{"enter":[null]},"ClassMethod":{"enter":[null]},"ClassPrivateMethod":{"enter":[null]},"AnyTypeAnnotation":{"enter":[null]},"ArrayTypeAnnotation":{"enter":[null]},"BooleanTypeAnnotation":{"enter":[null]},"BooleanLiteralTypeAnnotation":{"enter":[null]},"NullLiteralTypeAnnotation":{"enter":[null]},"ClassImplements":{"enter":[null]},"DeclareClass":{"enter":[null]},"DeclareFunction":{"enter":[null]},"DeclareInterface":{"enter":[null]},"DeclareModule":{"enter":[null]},"DeclareModuleExports":{"enter":[null]},"DeclareTypeAlias":{"enter":[null]},"DeclareOpaqueType":{"enter":[null]},"DeclareVariable":{"enter":[null]},"DeclareExportDeclaration":{"enter":[null]},"DeclareExportAllDeclaration":{"enter":[null]},"DeclaredPredicate":{"enter":[null]},"ExistsTypeAnnotation":{"enter":[null]},"FunctionTypeAnnotation":{"enter":[null]},"FunctionTypeParam":{"enter":[null]},"GenericTypeAnnotation":{"enter":[null]},"InferredPredicate":{"enter":[null]},"InterfaceExtends":{"enter":[null]},"InterfaceDeclaration":{"enter":[null]},"InterfaceTypeAnnotation":{"enter":[null]},"IntersectionTypeAnnotation":{"enter":[null]},"MixedTypeAnnotation":{"enter":[null]},"EmptyTypeAnnotation":{"enter":[null]},"NullableTypeAnnotation":{"enter":[null]},"NumberLiteralTypeAnnotation":{"enter":[null]},"NumberTypeAnnotation":{"enter":[null]},"ObjectTypeAnnotation":{"enter":[null]},"ObjectTypeInternalSlot":{"enter":[null]},"ObjectTypeCallProperty":{"enter":[null]},"ObjectTypeIndexer":{"enter":[null]},"ObjectTypeProperty":{"enter":[null]},"ObjectTypeSpreadProperty":{"enter":[null]},"OpaqueType":{"enter":[null]},"QualifiedTypeIdentifier":{"enter":[null]},"StringLiteralTypeAnnotation":{"enter":[null]},"StringTypeAnnotation":{"enter":[null]},"ThisTypeAnnotation":{"enter":[null]},"TupleTypeAnnotation":{"enter":[null]},"TypeofTypeAnnotation":{"enter":[null]},"TypeAlias":{"enter":[null]},"TypeAnnotation":{"enter":[null]},"TypeParameter":{"enter":[null]},"TypeParameterDeclaration":{"enter":[null]},"TypeParameterInstantiation":{"enter":[null]},"UnionTypeAnnotation":{"enter":[null]},"Variance":{"enter":[null]},"VoidTypeAnnotation":{"enter":[null]},"ExportAllDeclaration":{"enter":[null]},"ExportDefaultDeclaration":{"enter":[null]},"ExportNamedDeclaration":{"enter":[null]}},"options":{}},{"key":"transform-runtime","visitor":{"CallExpression":{"enter":[null]},"BinaryExpression":{"enter":[null]},"MemberExpression":{"enter":[null],"exit":[null]},"_exploded":true,"_verified":true,"Identifier":{"enter":[null]},"JSXIdentifier":{"enter":[null]}},"options":{}},{"key":"syntax-object-rest-spread","visitor":{"_exploded":true,"_verified":true},"options":{}},{"key":"proposal-object-rest-spread","visitor":{"_exploded":{},"_verified":{},"VariableDeclarator":{"enter":[null]},"ExportNamedDeclaration":{"enter":[null]},"CatchClause":{"enter":[null]},"AssignmentExpression":{"enter":[null]},"ObjectExpression":{"enter":[null]},"FunctionDeclaration":{"enter":[null]},"FunctionExpression":{"enter":[null]},"ObjectMethod":{"enter":[null]},"ArrowFunctionExpression":{"enter":[null]},"ClassMethod":{"enter":[null]},"ClassPrivateMethod":{"enter":[null]},"ForInStatement":{"enter":[null]},"ForOfStatement":{"enter":[null]}},"options":{}},{"key":"transform-meteor-async-await","visitor":{"AwaitExpression":{"enter":[null]},"_exploded":true,"_verified":true,"FunctionDeclaration":{"exit":[null]},"FunctionExpression":{"exit":[null]},"ObjectMethod":{"exit":[null]},"ArrowFunctionExpression":{"exit":[null]},"ClassMethod":{"exit":[null]},"ClassPrivateMethod":{"exit":[null]}},"options":{"useNativeAsyncAwait":false}},{"key":"transform-meteor-dynamic-import","visitor":{"_exploded":{},"_verified":{},"CallExpression":{"enter":[null]}},"options":{}},{"key":"proposal-async-generator-functions","visitor":{"_exploded":{},"_verified":{},"Program":{"enter":[null]}},"options":{}},{"key":"transform-modules-commonjs","visitor":{"Program":{"exit":[null]},"_exploded":true,"_verified":true},"options":{"allowTopLevelThis":true,"strictMode":false,"loose":true}},{"key":"proposal-class-properties","visitor":{"PrivateName":{"enter":[null]},"ExportDefaultDeclaration":{"enter":[null]},"_exploded":true,"_verified":true,"ClassDeclaration":{"enter":[null]},"ClassExpression":{"enter":[null]}},"options":{"loose":true}}],"presets":[],"generatorOpts":{"filename":"/home/tokir/Meteor/SocialMediaProject/social-network/packages/accounts-oauth/oauth_server.js","comments":true,"compact":false,"sourceMaps":true,"sourceFileName":"packages/accounts-oauth/oauth_server.js"}},"code":"// Listen to calls to `login` with an oauth option set. This is where\n// users actually get logged in to meteor via oauth.\nAccounts.registerLoginHandler(options => {\n  if (!options.oauth) return undefined; // don't handle\n\n  check(options.oauth, {\n    credentialToken: String,\n    // When an error occurs while retrieving the access token, we store\n    // the error in the pending credentials table, with a secret of\n    // null. The client can call the login method with a secret of null\n    // to retrieve the error.\n    credentialSecret: Match.OneOf(null, String)\n  });\n  const result = OAuth.retrieveCredential(options.oauth.credentialToken, options.oauth.credentialSecret);\n\n  if (!result) {\n    // OAuth credentialToken is not recognized, which could be either\n    // because the popup was closed by the user before completion, or\n    // some sort of error where the oauth provider didn't talk to our\n    // server correctly and closed the popup somehow.\n    //\n    // We assume it was user canceled and report it as such, using a\n    // numeric code that the client recognizes (XXX this will get\n    // replaced by a symbolic error code at some point\n    // https://trello.com/c/kMkw800Z/53-official-ddp-specification). This\n    // will mask failures where things are misconfigured such that the\n    // server doesn't see the request but does close the window. This\n    // seems unlikely.\n    //\n    // XXX we want `type` to be the service name such as \"facebook\"\n    return {\n      type: \"oauth\",\n      error: new Meteor.Error(Accounts.LoginCancelledError.numericError, \"No matching login attempt found\")\n    };\n  }\n\n  if (result instanceof Error) // We tried to login, but there was a fatal error. Report it back\n    // to the user.\n    throw result;else {\n    if (!Accounts.oauth.serviceNames().includes(result.serviceName)) {\n      // serviceName was not found in the registered services list.\n      // This could happen because the service never registered itself or\n      // unregisterService was called on it.\n      return {\n        type: \"oauth\",\n        error: new Meteor.Error(Accounts.LoginCancelledError.numericError, `No registered oauth service found for: ${result.serviceName}`)\n      };\n    }\n\n    return Accounts.updateOrCreateUserFromExternalService(result.serviceName, result.serviceData, result.options);\n  }\n});","map":{"version":3,"sources":["packages/accounts-oauth/oauth_server.js"],"names":["Accounts","registerLoginHandler","options","oauth","undefined","check","credentialToken","String","credentialSecret","Match","OneOf","result","OAuth","retrieveCredential","type","error","Meteor","Error","LoginCancelledError","numericError","serviceNames","includes","serviceName","updateOrCreateUserFromExternalService","serviceData"],"mappings":"AAAA;AACA;AACAA,QAAQ,CAACC,oBAAT,CAA8BC,OAAO,IAAI;AACvC,MAAI,CAACA,OAAO,CAACC,KAAb,EACE,OAAOC,SAAP,CAFqC,CAEnB;;AAEpBC,EAAAA,KAAK,CAACH,OAAO,CAACC,KAAT,EAAgB;AACnBG,IAAAA,eAAe,EAAEC,MADE;AAEnB;AACA;AACA;AACA;AACAC,IAAAA,gBAAgB,EAAEC,KAAK,CAACC,KAAN,CAAY,IAAZ,EAAkBH,MAAlB;AANC,GAAhB,CAAL;AASA,QAAMI,MAAM,GAAGC,KAAK,CAACC,kBAAN,CAAyBX,OAAO,CAACC,KAAR,CAAcG,eAAvC,EACuBJ,OAAO,CAACC,KAAR,CAAcK,gBADrC,CAAf;;AAGA,MAAI,CAACG,MAAL,EAAa;AACX;AACA;AACA;AACA;AACA;AACA;AACA;AACA;AACA;AACA;AACA;AACA;AACA;AACA;AACA,WAAO;AAAEG,MAAAA,IAAI,EAAE,OAAR;AACEC,MAAAA,KAAK,EAAE,IAAIC,MAAM,CAACC,KAAX,CACLjB,QAAQ,CAACkB,mBAAT,CAA6BC,YADxB,EAEL,iCAFK;AADT,KAAP;AAID;;AAED,MAAIR,MAAM,YAAYM,KAAtB,EACE;AACA;AACA,UAAMN,MAAN,CAHF,KAIK;AACH,QAAI,CAAEX,QAAQ,CAACG,KAAT,CAAeiB,YAAf,GAA8BC,QAA9B,CAAuCV,MAAM,CAACW,WAA9C,CAAN,EAAkE;AAChE;AACA;AACA;AACA,aAAO;AAAER,QAAAA,IAAI,EAAE,OAAR;AACEC,QAAAA,KAAK,EAAE,IAAIC,MAAM,CAACC,KAAX,CACLjB,QAAQ,CAACkB,mBAAT,CAA6BC,YADxB,EAEJ,0CAAyCR,MAAM,CAACW,WAAY,EAFxD;AADT,OAAP;AAKD;;AACD,WAAOtB,QAAQ,CAACuB,qCAAT,CAA+CZ,MAAM,CAACW,WAAtD,EAAmEX,MAAM,CAACa,WAA1E,EAAuFb,MAAM,CAACT,OAA9F,CAAP;AACD;AACF,CAtDD","sourcesContent":["// Listen to calls to `login` with an oauth option set. This is where\n// users actually get logged in to meteor via oauth.\nAccounts.registerLoginHandler(options => {\n  if (!options.oauth)\n    return undefined; // don't handle\n\n  check(options.oauth, {\n    credentialToken: String,\n    // When an error occurs while retrieving the access token, we store\n    // the error in the pending credentials table, with a secret of\n    // null. The client can call the login method with a secret of null\n    // to retrieve the error.\n    credentialSecret: Match.OneOf(null, String)\n  });\n\n  const result = OAuth.retrieveCredential(options.oauth.credentialToken,\n                                        options.oauth.credentialSecret);\n\n  if (!result) {\n    // OAuth credentialToken is not recognized, which could be either\n    // because the popup was closed by the user before completion, or\n    // some sort of error where the oauth provider didn't talk to our\n    // server correctly and closed the popup somehow.\n    //\n    // We assume it was user canceled and report it as such, using a\n    // numeric code that the client recognizes (XXX this will get\n    // replaced by a symbolic error code at some point\n    // https://trello.com/c/kMkw800Z/53-official-ddp-specification). This\n    // will mask failures where things are misconfigured such that the\n    // server doesn't see the request but does close the window. This\n    // seems unlikely.\n    //\n    // XXX we want `type` to be the service name such as \"facebook\"\n    return { type: \"oauth\",\n             error: new Meteor.Error(\n               Accounts.LoginCancelledError.numericError,\n               \"No matching login attempt found\") };\n  }\n\n  if (result instanceof Error)\n    // We tried to login, but there was a fatal error. Report it back\n    // to the user.\n    throw result;\n  else {\n    if (! Accounts.oauth.serviceNames().includes(result.serviceName)) {\n      // serviceName was not found in the registered services list.\n      // This could happen because the service never registered itself or\n      // unregisterService was called on it.\n      return { type: \"oauth\",\n               error: new Meteor.Error(\n                 Accounts.LoginCancelledError.numericError,\n                 `No registered oauth service found for: ${result.serviceName}`) };\n\n    }\n    return Accounts.updateOrCreateUserFromExternalService(result.serviceName, result.serviceData, result.options);\n  }\n});\n"]},"sourceType":"script","hash":"6eccea7a18d53ed3cefaa55cf3906acd34665020"}
