{"metadata":{},"options":{"compact":false,"sourceMaps":true,"ast":true,"babelrc":false,"configFile":false,"parserOpts":{"sourceType":"module","sourceFileName":"/home/tokir/Meteor/SocialMediaProject/social-network/packages/callback-hook/hook.js","plugins":["*","flow","jsx","asyncGenerators","bigInt","classPrivateMethods","classPrivateProperties","classProperties","doExpressions","dynamicImport","exportDefaultFrom","exportExtensions","exportNamespaceFrom","functionBind","functionSent","importMeta","nullishCoalescingOperator","numericSeparator","objectRestSpread","optionalCatchBinding","optionalChaining",["pipelineOperator",{"proposal":"minimal"}],"throwExpressions","jsx",["flow",{}],["flow",{}],"objectRestSpread","objectRestSpread","dynamicImport","asyncGenerators","classProperties","classPrivateProperties"],"allowImportExportEverywhere":true,"allowReturnOutsideFunction":true,"strictMode":false},"caller":{"name":"meteor","arch":"os.linux.x86_64"},"sourceFileName":"packages/callback-hook/hook.js","filename":"/home/tokir/Meteor/SocialMediaProject/social-network/packages/callback-hook/hook.js","passPerPreset":false,"envName":"development","cwd":"/home/tokir/Meteor/SocialMediaProject/social-network","root":"/home/tokir/Meteor/SocialMediaProject/social-network","plugins":[{"key":"transform-react-jsx","visitor":{"_exploded":{},"_verified":{},"JSXNamespacedName":{"enter":[null]},"JSXSpreadChild":{"enter":[null]},"JSXElement":{"exit":[null]},"JSXFragment":{"exit":[null]},"Program":{"enter":[null],"exit":[null]},"JSXAttribute":{"enter":[null]}},"options":{"pragma":"React.createElement","pragmaFrag":"React.Fragment","throwIfNamespace":true,"useBuiltIns":false}},{"key":"transform-react-display-name","visitor":{"ExportDefaultDeclaration":{"enter":[null]},"CallExpression":{"enter":[null]},"_exploded":true,"_verified":true},"options":{}},{"key":"base$0$0","visitor":{"Program":{"enter":[null]},"_exploded":true,"_verified":true},"options":{"generateLetDeclarations":true,"enforceStrictMode":false}},{"key":"syntax-flow","visitor":{"_exploded":true,"_verified":true},"options":{}},{"key":"transform-flow-strip-types","visitor":{"_exploded":{},"_verified":{},"Program":{"enter":[null]},"ImportDeclaration":{"enter":[null,null]},"ClassProperty":{"enter":[null]},"ClassPrivateProperty":{"enter":[null]},"AssignmentPattern":{"enter":[null]},"TypeCastExpression":{"enter":[null,null]},"CallExpression":{"enter":[null]},"OptionalCallExpression":{"enter":[null]},"NewExpression":{"enter":[null]},"ImportSpecifier":{"enter":[null]},"ClassDeclaration":{"enter":[null]},"ClassExpression":{"enter":[null]},"FunctionDeclaration":{"enter":[null]},"FunctionExpression":{"enter":[null]},"ObjectMethod":{"enter":[null]},"ArrowFunctionExpression":{"enter":[null]},"ClassMethod":{"enter":[null]},"ClassPrivateMethod":{"enter":[null]},"AnyTypeAnnotation":{"enter":[null]},"ArrayTypeAnnotation":{"enter":[null]},"BooleanTypeAnnotation":{"enter":[null]},"BooleanLiteralTypeAnnotation":{"enter":[null]},"NullLiteralTypeAnnotation":{"enter":[null]},"ClassImplements":{"enter":[null]},"DeclareClass":{"enter":[null]},"DeclareFunction":{"enter":[null]},"DeclareInterface":{"enter":[null]},"DeclareModule":{"enter":[null]},"DeclareModuleExports":{"enter":[null]},"DeclareTypeAlias":{"enter":[null]},"DeclareOpaqueType":{"enter":[null]},"DeclareVariable":{"enter":[null]},"DeclareExportDeclaration":{"enter":[null]},"DeclareExportAllDeclaration":{"enter":[null]},"DeclaredPredicate":{"enter":[null]},"ExistsTypeAnnotation":{"enter":[null]},"FunctionTypeAnnotation":{"enter":[null]},"FunctionTypeParam":{"enter":[null]},"GenericTypeAnnotation":{"enter":[null]},"InferredPredicate":{"enter":[null]},"InterfaceExtends":{"enter":[null]},"InterfaceDeclaration":{"enter":[null]},"InterfaceTypeAnnotation":{"enter":[null]},"IntersectionTypeAnnotation":{"enter":[null]},"MixedTypeAnnotation":{"enter":[null]},"EmptyTypeAnnotation":{"enter":[null]},"NullableTypeAnnotation":{"enter":[null]},"NumberLiteralTypeAnnotation":{"enter":[null]},"NumberTypeAnnotation":{"enter":[null]},"ObjectTypeAnnotation":{"enter":[null]},"ObjectTypeInternalSlot":{"enter":[null]},"ObjectTypeCallProperty":{"enter":[null]},"ObjectTypeIndexer":{"enter":[null]},"ObjectTypeProperty":{"enter":[null]},"ObjectTypeSpreadProperty":{"enter":[null]},"OpaqueType":{"enter":[null]},"QualifiedTypeIdentifier":{"enter":[null]},"StringLiteralTypeAnnotation":{"enter":[null]},"StringTypeAnnotation":{"enter":[null]},"ThisTypeAnnotation":{"enter":[null]},"TupleTypeAnnotation":{"enter":[null]},"TypeofTypeAnnotation":{"enter":[null]},"TypeAlias":{"enter":[null]},"TypeAnnotation":{"enter":[null]},"TypeParameter":{"enter":[null]},"TypeParameterDeclaration":{"enter":[null]},"TypeParameterInstantiation":{"enter":[null]},"UnionTypeAnnotation":{"enter":[null]},"Variance":{"enter":[null]},"VoidTypeAnnotation":{"enter":[null]},"ExportAllDeclaration":{"enter":[null]},"ExportDefaultDeclaration":{"enter":[null]},"ExportNamedDeclaration":{"enter":[null]}},"options":{}},{"key":"transform-runtime","visitor":{"CallExpression":{"enter":[null]},"BinaryExpression":{"enter":[null]},"MemberExpression":{"enter":[null],"exit":[null]},"_exploded":true,"_verified":true,"Identifier":{"enter":[null]},"JSXIdentifier":{"enter":[null]}},"options":{}},{"key":"syntax-object-rest-spread","visitor":{"_exploded":true,"_verified":true},"options":{}},{"key":"proposal-object-rest-spread","visitor":{"_exploded":{},"_verified":{},"VariableDeclarator":{"enter":[null]},"ExportNamedDeclaration":{"enter":[null]},"CatchClause":{"enter":[null]},"AssignmentExpression":{"enter":[null]},"ObjectExpression":{"enter":[null]},"FunctionDeclaration":{"enter":[null]},"FunctionExpression":{"enter":[null]},"ObjectMethod":{"enter":[null]},"ArrowFunctionExpression":{"enter":[null]},"ClassMethod":{"enter":[null]},"ClassPrivateMethod":{"enter":[null]},"ForInStatement":{"enter":[null]},"ForOfStatement":{"enter":[null]}},"options":{}},{"key":"transform-meteor-async-await","visitor":{"AwaitExpression":{"enter":[null]},"_exploded":true,"_verified":true,"FunctionDeclaration":{"exit":[null]},"FunctionExpression":{"exit":[null]},"ObjectMethod":{"exit":[null]},"ArrowFunctionExpression":{"exit":[null]},"ClassMethod":{"exit":[null]},"ClassPrivateMethod":{"exit":[null]}},"options":{"useNativeAsyncAwait":false}},{"key":"transform-meteor-dynamic-import","visitor":{"_exploded":{},"_verified":{},"CallExpression":{"enter":[null]}},"options":{}},{"key":"proposal-async-generator-functions","visitor":{"_exploded":{},"_verified":{},"Program":{"enter":[null]}},"options":{}},{"key":"transform-modules-commonjs","visitor":{"Program":{"exit":[null]},"_exploded":true,"_verified":true},"options":{"allowTopLevelThis":true,"strictMode":false,"loose":true}},{"key":"proposal-class-properties","visitor":{"PrivateName":{"enter":[null]},"ExportDefaultDeclaration":{"enter":[null]},"_exploded":true,"_verified":true,"ClassDeclaration":{"enter":[null]},"ClassExpression":{"enter":[null]}},"options":{"loose":true}}],"presets":[],"generatorOpts":{"filename":"/home/tokir/Meteor/SocialMediaProject/social-network/packages/callback-hook/hook.js","comments":true,"compact":false,"sourceMaps":true,"sourceFileName":"packages/callback-hook/hook.js"}},"code":"module.export({\n  Hook: () => Hook\n});\n// XXX This pattern is under development. Do not add more callsites\n// using this package for now. See:\n// https://meteor.hackpad.com/Design-proposal-Hooks-YxvgEW06q6f\n//\n// Encapsulates the pattern of registering callbacks on a hook.\n//\n// The `each` method of the hook calls its iterator function argument\n// with each registered callback.  This allows the hook to\n// conditionally decide not to call the callback (if, for example, the\n// observed object has been closed or terminated).\n//\n// By default, callbacks are bound with `Meteor.bindEnvironment`, so they will be\n// called with the Meteor environment of the calling code that\n// registered the callback. Override by passing { bindEnvironment: false }\n// to the constructor.\n//\n// Registering a callback returns an object with a single `stop`\n// method which unregisters the callback.\n//\n// The code is careful to allow a callback to be safely unregistered\n// while the callbacks are being iterated over.\n//\n// If the hook is configured with the `exceptionHandler` option, the\n// handler will be called if a called callback throws an exception.\n// By default (if the exception handler doesn't itself throw an\n// exception, or if the iterator function doesn't return a falsy value\n// to terminate the calling of callbacks), the remaining callbacks\n// will still be called.\n//\n// Alternatively, the `debugPrintExceptions` option can be specified\n// as string describing the callback.  On an exception the string and\n// the exception will be printed to the console log with\n// `Meteor._debug`, and the exception otherwise ignored.\n//\n// If an exception handler isn't specified, exceptions thrown in the\n// callback will propagate up to the iterator function, and will\n// terminate calling the remaining callbacks if not caught.\nconst hasOwn = Object.prototype.hasOwnProperty;\n\nclass Hook {\n  constructor(options) {\n    options = options || {};\n    this.nextCallbackId = 0;\n    this.callbacks = Object.create(null); // Whether to wrap callbacks with Meteor.bindEnvironment\n\n    this.bindEnvironment = true;\n\n    if (options.bindEnvironment === false) {\n      this.bindEnvironment = false;\n    }\n\n    if (options.exceptionHandler) {\n      this.exceptionHandler = options.exceptionHandler;\n    } else if (options.debugPrintExceptions) {\n      if (typeof options.debugPrintExceptions !== \"string\") {\n        throw new Error(\"Hook option debugPrintExceptions should be a string\");\n      }\n\n      this.exceptionHandler = options.debugPrintExceptions;\n    }\n  }\n\n  register(callback) {\n    var exceptionHandler = this.exceptionHandler || function (exception) {\n      // Note: this relies on the undocumented fact that if bindEnvironment's\n      // onException throws, and you are invoking the callback either in the\n      // browser or from within a Fiber in Node, the exception is propagated.\n      throw exception;\n    };\n\n    if (this.bindEnvironment) {\n      callback = Meteor.bindEnvironment(callback, exceptionHandler);\n    } else {\n      callback = dontBindEnvironment(callback, exceptionHandler);\n    }\n\n    var id = this.nextCallbackId++;\n    this.callbacks[id] = callback;\n    return {\n      stop: () => {\n        delete this.callbacks[id];\n      }\n    };\n  } // For each registered callback, call the passed iterator function\n  // with the callback.\n  //\n  // The iterator function can choose whether or not to call the\n  // callback.  (For example, it might not call the callback if the\n  // observed object has been closed or terminated).\n  //\n  // The iteration is stopped if the iterator function returns a falsy\n  // value or throws an exception.\n  //\n\n\n  each(iterator) {\n    // Invoking bindEnvironment'd callbacks outside of a Fiber in Node doesn't\n    // run them to completion (and exceptions thrown from onException are not\n    // propagated), so we need to be in a Fiber.\n    Meteor._nodeCodeMustBeInFiber();\n\n    var ids = Object.keys(this.callbacks);\n\n    for (var i = 0; i < ids.length; ++i) {\n      var id = ids[i]; // check to see if the callback was removed during iteration\n\n      if (hasOwn.call(this.callbacks, id)) {\n        var callback = this.callbacks[id];\n\n        if (!iterator(callback)) {\n          break;\n        }\n      }\n    }\n  }\n\n}\n\n// Copied from Meteor.bindEnvironment and removed all the env stuff.\nfunction dontBindEnvironment(func, onException, _this) {\n  if (!onException || typeof onException === 'string') {\n    var description = onException || \"callback of async function\";\n\n    onException = function (error) {\n      Meteor._debug(\"Exception in \" + description + \":\", error && error.stack || error);\n    };\n  }\n\n  return function (...args) {\n    try {\n      var ret = func.apply(_this, args);\n    } catch (e) {\n      onException(e);\n    }\n\n    return ret;\n  };\n}","map":{"version":3,"sources":["packages/callback-hook/hook.js"],"names":["module","export","Hook","hasOwn","Object","prototype","hasOwnProperty","constructor","options","nextCallbackId","callbacks","create","bindEnvironment","exceptionHandler","debugPrintExceptions","Error","register","callback","exception","Meteor","dontBindEnvironment","id","stop","each","iterator","_nodeCodeMustBeInFiber","ids","keys","i","length","call","func","onException","_this","description","error","_debug","stack","args","ret","apply","e"],"mappings":"AAAAA,MAAM,CAACC,MAAP,CAAc;AAACC,EAAAA,IAAI,EAAC,MAAIA;AAAV,CAAd;AAAA;AACA;AACA;AACA;AACA;AACA;AACA;AACA;AACA;AACA;AACA;AACA;AACA;AACA;AACA;AACA;AACA;AACA;AACA;AACA;AACA;AACA;AACA;AACA;AACA;AACA;AACA;AACA;AACA;AACA;AACA;AACA;AACA;AACA;AACA;AACA;AACA;AAEA,MAAMC,MAAM,GAAGC,MAAM,CAACC,SAAP,CAAiBC,cAAhC;;AAEO,MAAMJ,IAAN,CAAW;AAChBK,EAAAA,WAAW,CAACC,OAAD,EAAU;AACnBA,IAAAA,OAAO,GAAGA,OAAO,IAAI,EAArB;AACA,SAAKC,cAAL,GAAsB,CAAtB;AACA,SAAKC,SAAL,GAAiBN,MAAM,CAACO,MAAP,CAAc,IAAd,CAAjB,CAHmB,CAInB;;AACA,SAAKC,eAAL,GAAuB,IAAvB;;AACA,QAAIJ,OAAO,CAACI,eAAR,KAA4B,KAAhC,EAAuC;AACrC,WAAKA,eAAL,GAAuB,KAAvB;AACD;;AAED,QAAIJ,OAAO,CAACK,gBAAZ,EAA8B;AAC5B,WAAKA,gBAAL,GAAwBL,OAAO,CAACK,gBAAhC;AACD,KAFD,MAEO,IAAIL,OAAO,CAACM,oBAAZ,EAAkC;AACvC,UAAI,OAAON,OAAO,CAACM,oBAAf,KAAwC,QAA5C,EAAsD;AACpD,cAAM,IAAIC,KAAJ,CAAU,qDAAV,CAAN;AACD;;AACD,WAAKF,gBAAL,GAAwBL,OAAO,CAACM,oBAAhC;AACD;AACF;;AAEDE,EAAAA,QAAQ,CAACC,QAAD,EAAW;AACjB,QAAIJ,gBAAgB,GAAG,KAAKA,gBAAL,IAAyB,UAAUK,SAAV,EAAqB;AACnE;AACA;AACA;AACA,YAAMA,SAAN;AACD,KALD;;AAOA,QAAI,KAAKN,eAAT,EAA0B;AACxBK,MAAAA,QAAQ,GAAGE,MAAM,CAACP,eAAP,CAAuBK,QAAvB,EAAiCJ,gBAAjC,CAAX;AACD,KAFD,MAEO;AACLI,MAAAA,QAAQ,GAAGG,mBAAmB,CAACH,QAAD,EAAWJ,gBAAX,CAA9B;AACD;;AAED,QAAIQ,EAAE,GAAG,KAAKZ,cAAL,EAAT;AACA,SAAKC,SAAL,CAAeW,EAAf,IAAqBJ,QAArB;AAEA,WAAO;AACLK,MAAAA,IAAI,EAAE,MAAM;AACV,eAAO,KAAKZ,SAAL,CAAeW,EAAf,CAAP;AACD;AAHI,KAAP;AAKD,GA3Ce,CA6ChB;AACA;AACA;AACA;AACA;AACA;AACA;AACA;AACA;AACA;;;AACAE,EAAAA,IAAI,CAACC,QAAD,EAAW;AACb;AACA;AACA;AACAL,IAAAA,MAAM,CAACM,sBAAP;;AAEA,QAAIC,GAAG,GAAGtB,MAAM,CAACuB,IAAP,CAAY,KAAKjB,SAAjB,CAAV;;AACA,SAAK,IAAIkB,CAAC,GAAG,CAAb,EAAiBA,CAAC,GAAGF,GAAG,CAACG,MAAzB,EAAkC,EAAED,CAApC,EAAuC;AACrC,UAAIP,EAAE,GAAGK,GAAG,CAACE,CAAD,CAAZ,CADqC,CAErC;;AACA,UAAIzB,MAAM,CAAC2B,IAAP,CAAY,KAAKpB,SAAjB,EAA4BW,EAA5B,CAAJ,EAAqC;AACnC,YAAIJ,QAAQ,GAAG,KAAKP,SAAL,CAAeW,EAAf,CAAf;;AACA,YAAI,CAAEG,QAAQ,CAACP,QAAD,CAAd,EAA0B;AACxB;AACD;AACF;AACF;AACF;;AAxEe;;AA2ElB;AACA,SAASG,mBAAT,CAA6BW,IAA7B,EAAmCC,WAAnC,EAAgDC,KAAhD,EAAuD;AACrD,MAAI,CAACD,WAAD,IAAgB,OAAOA,WAAP,KAAwB,QAA5C,EAAsD;AACpD,QAAIE,WAAW,GAAGF,WAAW,IAAI,4BAAjC;;AACAA,IAAAA,WAAW,GAAG,UAAUG,KAAV,EAAiB;AAC7BhB,MAAAA,MAAM,CAACiB,MAAP,CACE,kBAAkBF,WAAlB,GAAgC,GADlC,EAEEC,KAAK,IAAIA,KAAK,CAACE,KAAf,IAAwBF,KAF1B;AAID,KALD;AAMD;;AAED,SAAO,UAAU,GAAGG,IAAb,EAAmB;AACxB,QAAI;AACF,UAAIC,GAAG,GAAGR,IAAI,CAACS,KAAL,CAAWP,KAAX,EAAkBK,IAAlB,CAAV;AACD,KAFD,CAEE,OAAOG,CAAP,EAAU;AACVT,MAAAA,WAAW,CAACS,CAAD,CAAX;AACD;;AACD,WAAOF,GAAP;AACD,GAPD;AAQD","sourcesContent":["// XXX This pattern is under development. Do not add more callsites\n// using this package for now. See:\n// https://meteor.hackpad.com/Design-proposal-Hooks-YxvgEW06q6f\n//\n// Encapsulates the pattern of registering callbacks on a hook.\n//\n// The `each` method of the hook calls its iterator function argument\n// with each registered callback.  This allows the hook to\n// conditionally decide not to call the callback (if, for example, the\n// observed object has been closed or terminated).\n//\n// By default, callbacks are bound with `Meteor.bindEnvironment`, so they will be\n// called with the Meteor environment of the calling code that\n// registered the callback. Override by passing { bindEnvironment: false }\n// to the constructor.\n//\n// Registering a callback returns an object with a single `stop`\n// method which unregisters the callback.\n//\n// The code is careful to allow a callback to be safely unregistered\n// while the callbacks are being iterated over.\n//\n// If the hook is configured with the `exceptionHandler` option, the\n// handler will be called if a called callback throws an exception.\n// By default (if the exception handler doesn't itself throw an\n// exception, or if the iterator function doesn't return a falsy value\n// to terminate the calling of callbacks), the remaining callbacks\n// will still be called.\n//\n// Alternatively, the `debugPrintExceptions` option can be specified\n// as string describing the callback.  On an exception the string and\n// the exception will be printed to the console log with\n// `Meteor._debug`, and the exception otherwise ignored.\n//\n// If an exception handler isn't specified, exceptions thrown in the\n// callback will propagate up to the iterator function, and will\n// terminate calling the remaining callbacks if not caught.\n\nconst hasOwn = Object.prototype.hasOwnProperty;\n\nexport class Hook {\n  constructor(options) {\n    options = options || {};\n    this.nextCallbackId = 0;\n    this.callbacks = Object.create(null);\n    // Whether to wrap callbacks with Meteor.bindEnvironment\n    this.bindEnvironment = true;\n    if (options.bindEnvironment === false) {\n      this.bindEnvironment = false;\n    }\n\n    if (options.exceptionHandler) {\n      this.exceptionHandler = options.exceptionHandler;\n    } else if (options.debugPrintExceptions) {\n      if (typeof options.debugPrintExceptions !== \"string\") {\n        throw new Error(\"Hook option debugPrintExceptions should be a string\");\n      }\n      this.exceptionHandler = options.debugPrintExceptions;\n    }\n  }\n\n  register(callback) {\n    var exceptionHandler = this.exceptionHandler || function (exception) {\n      // Note: this relies on the undocumented fact that if bindEnvironment's\n      // onException throws, and you are invoking the callback either in the\n      // browser or from within a Fiber in Node, the exception is propagated.\n      throw exception;\n    };\n\n    if (this.bindEnvironment) {\n      callback = Meteor.bindEnvironment(callback, exceptionHandler);\n    } else {\n      callback = dontBindEnvironment(callback, exceptionHandler);\n    }\n\n    var id = this.nextCallbackId++;\n    this.callbacks[id] = callback;\n\n    return {\n      stop: () => {\n        delete this.callbacks[id];\n      }\n    };\n  }\n\n  // For each registered callback, call the passed iterator function\n  // with the callback.\n  //\n  // The iterator function can choose whether or not to call the\n  // callback.  (For example, it might not call the callback if the\n  // observed object has been closed or terminated).\n  //\n  // The iteration is stopped if the iterator function returns a falsy\n  // value or throws an exception.\n  //\n  each(iterator) {\n    // Invoking bindEnvironment'd callbacks outside of a Fiber in Node doesn't\n    // run them to completion (and exceptions thrown from onException are not\n    // propagated), so we need to be in a Fiber.\n    Meteor._nodeCodeMustBeInFiber();\n\n    var ids = Object.keys(this.callbacks);\n    for (var i = 0;  i < ids.length;  ++i) {\n      var id = ids[i];\n      // check to see if the callback was removed during iteration\n      if (hasOwn.call(this.callbacks, id)) {\n        var callback = this.callbacks[id];\n        if (! iterator(callback)) {\n          break;\n        }\n      }\n    }\n  }\n}\n\n// Copied from Meteor.bindEnvironment and removed all the env stuff.\nfunction dontBindEnvironment(func, onException, _this) {\n  if (!onException || typeof(onException) === 'string') {\n    var description = onException || \"callback of async function\";\n    onException = function (error) {\n      Meteor._debug(\n        \"Exception in \" + description + \":\",\n        error && error.stack || error\n      );\n    };\n  }\n\n  return function (...args) {\n    try {\n      var ret = func.apply(_this, args);\n    } catch (e) {\n      onException(e);\n    }\n    return ret;\n  };\n}\n"]},"sourceType":"script","hash":"78996aeedc4d6ab68d5be4cf921e981ccf1ca448"}
