{"metadata":{},"options":{"compact":false,"sourceMaps":true,"ast":true,"babelrc":false,"configFile":false,"parserOpts":{"sourceType":"module","sourceFileName":"/home/tokir/Meteor/SocialMediaProject/social-network/packages/oauth/oauth_common.js","plugins":["*","flow","jsx","asyncGenerators","bigInt","classPrivateMethods","classPrivateProperties","classProperties","doExpressions","dynamicImport","exportDefaultFrom","exportExtensions","exportNamespaceFrom","functionBind","functionSent","importMeta","nullishCoalescingOperator","numericSeparator","objectRestSpread","optionalCatchBinding","optionalChaining",["pipelineOperator",{"proposal":"minimal"}],"throwExpressions","dynamicImport","classProperties","classPrivateProperties","jsx",["flow",{}],"asyncGenerators","objectRestSpread","objectRestSpread",["flow",{}],"asyncGenerators"],"allowImportExportEverywhere":true,"allowReturnOutsideFunction":true,"strictMode":false},"caller":{"name":"meteor","arch":"web.browser"},"sourceFileName":"packages/oauth/oauth_common.js","filename":"/home/tokir/Meteor/SocialMediaProject/social-network/packages/oauth/oauth_common.js","passPerPreset":false,"envName":"development","cwd":"/home/tokir/Meteor/SocialMediaProject/social-network","root":"/home/tokir/Meteor/SocialMediaProject/social-network","plugins":[{"key":"base$0$0","visitor":{"Program":{"enter":[null]},"_exploded":true,"_verified":true},"options":{"generateLetDeclarations":true,"enforceStrictMode":false}},{"key":"transform-meteor-dynamic-import","visitor":{"_exploded":{},"_verified":{},"CallExpression":{"enter":[null]}},"options":{}},{"key":"transform-runtime","visitor":{"CallExpression":{"enter":[null]},"BinaryExpression":{"enter":[null]},"MemberExpression":{"enter":[null],"exit":[null]},"_exploded":true,"_verified":true,"Identifier":{"enter":[null]},"JSXIdentifier":{"enter":[null]}},"options":{}},{"key":"proposal-class-properties","visitor":{"PrivateName":{"enter":[null]},"ExportDefaultDeclaration":{"enter":[null]},"_exploded":true,"_verified":true,"ClassDeclaration":{"enter":[null]},"ClassExpression":{"enter":[null]}},"options":{"loose":true}},{"key":"transform-modules-commonjs","visitor":{"Program":{"exit":[null]},"_exploded":true,"_verified":true},"options":{"allowTopLevelThis":true,"strictMode":false,"loose":true}},{"key":"transform-react-jsx","visitor":{"_exploded":{},"_verified":{},"JSXNamespacedName":{"enter":[null]},"JSXSpreadChild":{"enter":[null]},"JSXElement":{"exit":[null]},"JSXFragment":{"exit":[null]},"Program":{"enter":[null],"exit":[null]},"JSXAttribute":{"enter":[null]}},"options":{"pragma":"React.createElement","pragmaFrag":"React.Fragment","throwIfNamespace":true,"useBuiltIns":false}},{"key":"transform-react-display-name","visitor":{"ExportDefaultDeclaration":{"enter":[null]},"CallExpression":{"enter":[null]},"_exploded":true,"_verified":true},"options":{}},{"key":"syntax-flow","visitor":{"_exploded":true,"_verified":true},"options":{}},{"key":"syntax-async-generators","visitor":{"_exploded":true,"_verified":true},"options":{}},{"key":"syntax-object-rest-spread","visitor":{"_exploded":true,"_verified":true},"options":{}},{"key":"transform-for-of","visitor":{"ForOfStatement":{"enter":[null]},"_exploded":true,"_verified":true},"options":{"loose":true}},{"key":"transform-literals","visitor":{"NumericLiteral":{"enter":[null]},"StringLiteral":{"enter":[null]},"_exploded":true,"_verified":true},"options":{}},{"key":"transform-template-literals","visitor":{"TaggedTemplateExpression":{"enter":[null]},"TemplateLiteral":{"enter":[null]},"_exploded":true,"_verified":true},"options":{}},{"key":"transform-parameters","visitor":{"_exploded":true,"_verified":true,"FunctionDeclaration":{"enter":[null]},"FunctionExpression":{"enter":[null]},"ObjectMethod":{"enter":[null]},"ArrowFunctionExpression":{"enter":[null]},"ClassMethod":{"enter":[null]},"ClassPrivateMethod":{"enter":[null]}},"options":{}},{"key":"proposal-object-rest-spread","visitor":{"_exploded":{},"_verified":{},"VariableDeclarator":{"enter":[null]},"ExportNamedDeclaration":{"enter":[null]},"CatchClause":{"enter":[null]},"AssignmentExpression":{"enter":[null]},"ObjectExpression":{"enter":[null]},"FunctionDeclaration":{"enter":[null]},"FunctionExpression":{"enter":[null]},"ObjectMethod":{"enter":[null]},"ArrowFunctionExpression":{"enter":[null]},"ClassMethod":{"enter":[null]},"ClassPrivateMethod":{"enter":[null]},"ForInStatement":{"enter":[null]},"ForOfStatement":{"enter":[null]}},"options":{}},{"key":"transform-flow-strip-types","visitor":{"_exploded":{},"_verified":{},"Program":{"enter":[null]},"ImportDeclaration":{"enter":[null,null]},"ClassProperty":{"enter":[null]},"ClassPrivateProperty":{"enter":[null]},"AssignmentPattern":{"enter":[null]},"TypeCastExpression":{"enter":[null,null]},"CallExpression":{"enter":[null]},"OptionalCallExpression":{"enter":[null]},"NewExpression":{"enter":[null]},"ImportSpecifier":{"enter":[null]},"ClassDeclaration":{"enter":[null]},"ClassExpression":{"enter":[null]},"FunctionDeclaration":{"enter":[null]},"FunctionExpression":{"enter":[null]},"ObjectMethod":{"enter":[null]},"ArrowFunctionExpression":{"enter":[null]},"ClassMethod":{"enter":[null]},"ClassPrivateMethod":{"enter":[null]},"AnyTypeAnnotation":{"enter":[null]},"ArrayTypeAnnotation":{"enter":[null]},"BooleanTypeAnnotation":{"enter":[null]},"BooleanLiteralTypeAnnotation":{"enter":[null]},"NullLiteralTypeAnnotation":{"enter":[null]},"ClassImplements":{"enter":[null]},"DeclareClass":{"enter":[null]},"DeclareFunction":{"enter":[null]},"DeclareInterface":{"enter":[null]},"DeclareModule":{"enter":[null]},"DeclareModuleExports":{"enter":[null]},"DeclareTypeAlias":{"enter":[null]},"DeclareOpaqueType":{"enter":[null]},"DeclareVariable":{"enter":[null]},"DeclareExportDeclaration":{"enter":[null]},"DeclareExportAllDeclaration":{"enter":[null]},"DeclaredPredicate":{"enter":[null]},"ExistsTypeAnnotation":{"enter":[null]},"FunctionTypeAnnotation":{"enter":[null]},"FunctionTypeParam":{"enter":[null]},"GenericTypeAnnotation":{"enter":[null]},"InferredPredicate":{"enter":[null]},"InterfaceExtends":{"enter":[null]},"InterfaceDeclaration":{"enter":[null]},"InterfaceTypeAnnotation":{"enter":[null]},"IntersectionTypeAnnotation":{"enter":[null]},"MixedTypeAnnotation":{"enter":[null]},"EmptyTypeAnnotation":{"enter":[null]},"NullableTypeAnnotation":{"enter":[null]},"NumberLiteralTypeAnnotation":{"enter":[null]},"NumberTypeAnnotation":{"enter":[null]},"ObjectTypeAnnotation":{"enter":[null]},"ObjectTypeInternalSlot":{"enter":[null]},"ObjectTypeCallProperty":{"enter":[null]},"ObjectTypeIndexer":{"enter":[null]},"ObjectTypeProperty":{"enter":[null]},"ObjectTypeSpreadProperty":{"enter":[null]},"OpaqueType":{"enter":[null]},"QualifiedTypeIdentifier":{"enter":[null]},"StringLiteralTypeAnnotation":{"enter":[null]},"StringTypeAnnotation":{"enter":[null]},"ThisTypeAnnotation":{"enter":[null]},"TupleTypeAnnotation":{"enter":[null]},"TypeofTypeAnnotation":{"enter":[null]},"TypeAlias":{"enter":[null]},"TypeAnnotation":{"enter":[null]},"TypeParameter":{"enter":[null]},"TypeParameterDeclaration":{"enter":[null]},"TypeParameterInstantiation":{"enter":[null]},"UnionTypeAnnotation":{"enter":[null]},"Variance":{"enter":[null]},"VoidTypeAnnotation":{"enter":[null]},"ExportAllDeclaration":{"enter":[null]},"ExportDefaultDeclaration":{"enter":[null]},"ExportNamedDeclaration":{"enter":[null]}},"options":{}},{"key":"transform-exponentiation-operator","visitor":{"AssignmentExpression":{"enter":[null]},"BinaryExpression":{"enter":[null]},"_exploded":true,"_verified":true},"options":{}},{"key":"proposal-async-generator-functions","visitor":{"_exploded":{},"_verified":{},"Program":{"enter":[null]}},"options":{}}],"presets":[],"generatorOpts":{"filename":"/home/tokir/Meteor/SocialMediaProject/social-network/packages/oauth/oauth_common.js","comments":true,"compact":false,"sourceMaps":true,"sourceFileName":"packages/oauth/oauth_common.js"}},"code":"var _interopRequireDefault = require(\"@babel/runtime/helpers/interopRequireDefault\");\n\nvar _objectSpread2 = _interopRequireDefault(require(\"@babel/runtime/helpers/objectSpread\"));\n\nOAuth._storageTokenPrefix = \"Meteor.oauth.credentialSecret-\";\n\nOAuth._redirectUri = (serviceName, config, params, absoluteUrlOptions) => {\n  // XXX COMPAT WITH 0.9.0\n  // The redirect URI used to have a \"?close\" query argument.  We\n  // detect whether we need to be backwards compatible by checking for\n  // the absence of the `loginStyle` field, which wasn't used in the\n  // code which had the \"?close\" argument.\n  // This logic is duplicated in the tool so that the tool can do OAuth\n  // flow with <= 0.9.0 servers (tools/auth.js).\n  const query = config.loginStyle ? null : \"close\"; // Clone because we're going to mutate 'params'. The 'cordova' and\n  // 'android' parameters are only used for picking the host of the\n  // redirect URL, and not actually included in the redirect URL itself.\n\n  let isCordova = false;\n  let isAndroid = false;\n\n  if (params) {\n    params = (0, _objectSpread2.default)({}, params);\n    isCordova = params.cordova;\n    isAndroid = params.android;\n    delete params.cordova;\n    delete params.android;\n\n    if (Object.keys(params).length === 0) {\n      params = undefined;\n    }\n  }\n\n  if (Meteor.isServer && isCordova) {\n    const url = Npm.require('url');\n\n    let rootUrl = process.env.MOBILE_ROOT_URL || __meteor_runtime_config__.ROOT_URL;\n\n    if (isAndroid) {\n      // Match the replace that we do in cordova boilerplate\n      // (boilerplate-generator package).\n      // XXX Maybe we should put this in a separate package or something\n      // that is used here and by boilerplate-generator? Or maybe\n      // `Meteor.absoluteUrl` should know how to do this?\n      const parsedRootUrl = url.parse(rootUrl);\n\n      if (parsedRootUrl.hostname === \"localhost\") {\n        parsedRootUrl.hostname = \"10.0.2.2\";\n        delete parsedRootUrl.host;\n      }\n\n      rootUrl = url.format(parsedRootUrl);\n    }\n\n    absoluteUrlOptions = (0, _objectSpread2.default)({}, absoluteUrlOptions, {\n      // For Cordova clients, redirect to the special Cordova root url\n      // (likely a local IP in development mode).\n      rootUrl\n    });\n  }\n\n  return URL._constructUrl(Meteor.absoluteUrl(\"_oauth/\".concat(serviceName), absoluteUrlOptions), query, params);\n};","map":{"version":3,"sources":["packages/oauth/oauth_common.js"],"names":["OAuth","_storageTokenPrefix","_redirectUri","serviceName","config","params","absoluteUrlOptions","query","loginStyle","isCordova","isAndroid","cordova","android","Object","keys","length","undefined","Meteor","isServer","url","Npm","require","rootUrl","process","env","MOBILE_ROOT_URL","__meteor_runtime_config__","ROOT_URL","parsedRootUrl","parse","hostname","host","format","URL","_constructUrl","absoluteUrl"],"mappings":";;;;AAAAA,KAAK,CAACC,mBAAN,GAA4B,gCAA5B;;AAEAD,KAAK,CAACE,YAAN,GAAqB,CAACC,WAAD,EAAcC,MAAd,EAAsBC,MAAtB,EAA8BC,kBAA9B,KAAqD;AACxE;AACA;AACA;AACA;AACA;AACA;AACA;AACA,QAAMC,KAAK,GAAGH,MAAM,CAACI,UAAP,GAAoB,IAApB,GAA2B,OAAzC,CARwE,CAUxE;AACA;AACA;;AACA,MAAIC,SAAS,GAAG,KAAhB;AACA,MAAIC,SAAS,GAAG,KAAhB;;AACA,MAAIL,MAAJ,EAAY;AACVA,IAAAA,MAAM,mCAAQA,MAAR,CAAN;AACAI,IAAAA,SAAS,GAAGJ,MAAM,CAACM,OAAnB;AACAD,IAAAA,SAAS,GAAGL,MAAM,CAACO,OAAnB;AACA,WAAOP,MAAM,CAACM,OAAd;AACA,WAAON,MAAM,CAACO,OAAd;;AACA,QAAIC,MAAM,CAACC,IAAP,CAAYT,MAAZ,EAAoBU,MAApB,KAA+B,CAAnC,EAAsC;AACpCV,MAAAA,MAAM,GAAGW,SAAT;AACD;AACF;;AAED,MAAIC,MAAM,CAACC,QAAP,IAAmBT,SAAvB,EAAkC;AAChC,UAAMU,GAAG,GAAGC,GAAG,CAACC,OAAJ,CAAY,KAAZ,CAAZ;;AACA,QAAIC,OAAO,GAAGC,OAAO,CAACC,GAAR,CAAYC,eAAZ,IACRC,yBAAyB,CAACC,QADhC;;AAGA,QAAIjB,SAAJ,EAAe;AACb;AACA;AACA;AACA;AACA;AACA,YAAMkB,aAAa,GAAGT,GAAG,CAACU,KAAJ,CAAUP,OAAV,CAAtB;;AACA,UAAIM,aAAa,CAACE,QAAd,KAA2B,WAA/B,EAA4C;AAC1CF,QAAAA,aAAa,CAACE,QAAd,GAAyB,UAAzB;AACA,eAAOF,aAAa,CAACG,IAArB;AACD;;AACDT,MAAAA,OAAO,GAAGH,GAAG,CAACa,MAAJ,CAAWJ,aAAX,CAAV;AACD;;AAEDtB,IAAAA,kBAAkB,mCACbA,kBADa;AAEhB;AACA;AACAgB,MAAAA;AAJgB,MAAlB;AAMD;;AAED,SAAOW,GAAG,CAACC,aAAJ,CACLjB,MAAM,CAACkB,WAAP,kBAA6BhC,WAA7B,GAA4CG,kBAA5C,CADK,EAELC,KAFK,EAGLF,MAHK,CAAP;AAID,CAzDD","sourcesContent":["OAuth._storageTokenPrefix = \"Meteor.oauth.credentialSecret-\";\n\nOAuth._redirectUri = (serviceName, config, params, absoluteUrlOptions) => {\n  // XXX COMPAT WITH 0.9.0\n  // The redirect URI used to have a \"?close\" query argument.  We\n  // detect whether we need to be backwards compatible by checking for\n  // the absence of the `loginStyle` field, which wasn't used in the\n  // code which had the \"?close\" argument.\n  // This logic is duplicated in the tool so that the tool can do OAuth\n  // flow with <= 0.9.0 servers (tools/auth.js).\n  const query = config.loginStyle ? null : \"close\";\n\n  // Clone because we're going to mutate 'params'. The 'cordova' and\n  // 'android' parameters are only used for picking the host of the\n  // redirect URL, and not actually included in the redirect URL itself.\n  let isCordova = false;\n  let isAndroid = false;\n  if (params) {\n    params = { ...params };\n    isCordova = params.cordova;\n    isAndroid = params.android;\n    delete params.cordova;\n    delete params.android;\n    if (Object.keys(params).length === 0) {\n      params = undefined;\n    }\n  }\n\n  if (Meteor.isServer && isCordova) {\n    const url = Npm.require('url');\n    let rootUrl = process.env.MOBILE_ROOT_URL ||\n          __meteor_runtime_config__.ROOT_URL;\n\n    if (isAndroid) {\n      // Match the replace that we do in cordova boilerplate\n      // (boilerplate-generator package).\n      // XXX Maybe we should put this in a separate package or something\n      // that is used here and by boilerplate-generator? Or maybe\n      // `Meteor.absoluteUrl` should know how to do this?\n      const parsedRootUrl = url.parse(rootUrl);\n      if (parsedRootUrl.hostname === \"localhost\") {\n        parsedRootUrl.hostname = \"10.0.2.2\";\n        delete parsedRootUrl.host;\n      }\n      rootUrl = url.format(parsedRootUrl);\n    }\n\n    absoluteUrlOptions = {\n      ...absoluteUrlOptions,\n      // For Cordova clients, redirect to the special Cordova root url\n      // (likely a local IP in development mode).\n      rootUrl,\n    };\n  }\n\n  return URL._constructUrl(\n    Meteor.absoluteUrl(`_oauth/${serviceName}`, absoluteUrlOptions),\n    query,\n    params);\n};\n"]},"sourceType":"script","hash":"78db204df3bff68f4d60276e9a650c9bd8956708"}
