{"metadata":{},"options":{"compact":false,"sourceMaps":true,"ast":true,"babelrc":false,"configFile":false,"parserOpts":{"sourceType":"module","sourceFileName":"/home/tokir/Meteor/SocialMediaProject/social-network/packages/mongo/doc_fetcher.js","plugins":["*","flow","jsx","asyncGenerators","bigInt","classPrivateMethods","classPrivateProperties","classProperties","doExpressions","dynamicImport","exportDefaultFrom","exportExtensions","exportNamespaceFrom","functionBind","functionSent","importMeta","nullishCoalescingOperator","numericSeparator","objectRestSpread","optionalCatchBinding","optionalChaining",["pipelineOperator",{"proposal":"minimal"}],"throwExpressions","jsx",["flow",{}],["flow",{}],"objectRestSpread","objectRestSpread","dynamicImport","asyncGenerators","classProperties","classPrivateProperties"],"allowImportExportEverywhere":true,"allowReturnOutsideFunction":true,"strictMode":false},"caller":{"name":"meteor","arch":"os.linux.x86_64"},"sourceFileName":"packages/mongo/doc_fetcher.js","filename":"/home/tokir/Meteor/SocialMediaProject/social-network/packages/mongo/doc_fetcher.js","passPerPreset":false,"envName":"development","cwd":"/home/tokir/Meteor/SocialMediaProject/social-network","root":"/home/tokir/Meteor/SocialMediaProject/social-network","plugins":[{"key":"transform-react-jsx","visitor":{"_exploded":{},"_verified":{},"JSXNamespacedName":{"enter":[null]},"JSXSpreadChild":{"enter":[null]},"JSXElement":{"exit":[null]},"JSXFragment":{"exit":[null]},"Program":{"enter":[null],"exit":[null]},"JSXAttribute":{"enter":[null]}},"options":{"pragma":"React.createElement","pragmaFrag":"React.Fragment","throwIfNamespace":true,"useBuiltIns":false}},{"key":"transform-react-display-name","visitor":{"ExportDefaultDeclaration":{"enter":[null]},"CallExpression":{"enter":[null]},"_exploded":true,"_verified":true},"options":{}},{"key":"base$0$0","visitor":{"Program":{"enter":[null]},"_exploded":true,"_verified":true},"options":{"generateLetDeclarations":true,"enforceStrictMode":false}},{"key":"syntax-flow","visitor":{"_exploded":true,"_verified":true},"options":{}},{"key":"transform-flow-strip-types","visitor":{"_exploded":{},"_verified":{},"Program":{"enter":[null]},"ImportDeclaration":{"enter":[null,null]},"ClassProperty":{"enter":[null]},"ClassPrivateProperty":{"enter":[null]},"AssignmentPattern":{"enter":[null]},"TypeCastExpression":{"enter":[null,null]},"CallExpression":{"enter":[null]},"OptionalCallExpression":{"enter":[null]},"NewExpression":{"enter":[null]},"ImportSpecifier":{"enter":[null]},"ClassDeclaration":{"enter":[null]},"ClassExpression":{"enter":[null]},"FunctionDeclaration":{"enter":[null]},"FunctionExpression":{"enter":[null]},"ObjectMethod":{"enter":[null]},"ArrowFunctionExpression":{"enter":[null]},"ClassMethod":{"enter":[null]},"ClassPrivateMethod":{"enter":[null]},"AnyTypeAnnotation":{"enter":[null]},"ArrayTypeAnnotation":{"enter":[null]},"BooleanTypeAnnotation":{"enter":[null]},"BooleanLiteralTypeAnnotation":{"enter":[null]},"NullLiteralTypeAnnotation":{"enter":[null]},"ClassImplements":{"enter":[null]},"DeclareClass":{"enter":[null]},"DeclareFunction":{"enter":[null]},"DeclareInterface":{"enter":[null]},"DeclareModule":{"enter":[null]},"DeclareModuleExports":{"enter":[null]},"DeclareTypeAlias":{"enter":[null]},"DeclareOpaqueType":{"enter":[null]},"DeclareVariable":{"enter":[null]},"DeclareExportDeclaration":{"enter":[null]},"DeclareExportAllDeclaration":{"enter":[null]},"DeclaredPredicate":{"enter":[null]},"ExistsTypeAnnotation":{"enter":[null]},"FunctionTypeAnnotation":{"enter":[null]},"FunctionTypeParam":{"enter":[null]},"GenericTypeAnnotation":{"enter":[null]},"InferredPredicate":{"enter":[null]},"InterfaceExtends":{"enter":[null]},"InterfaceDeclaration":{"enter":[null]},"InterfaceTypeAnnotation":{"enter":[null]},"IntersectionTypeAnnotation":{"enter":[null]},"MixedTypeAnnotation":{"enter":[null]},"EmptyTypeAnnotation":{"enter":[null]},"NullableTypeAnnotation":{"enter":[null]},"NumberLiteralTypeAnnotation":{"enter":[null]},"NumberTypeAnnotation":{"enter":[null]},"ObjectTypeAnnotation":{"enter":[null]},"ObjectTypeInternalSlot":{"enter":[null]},"ObjectTypeCallProperty":{"enter":[null]},"ObjectTypeIndexer":{"enter":[null]},"ObjectTypeProperty":{"enter":[null]},"ObjectTypeSpreadProperty":{"enter":[null]},"OpaqueType":{"enter":[null]},"QualifiedTypeIdentifier":{"enter":[null]},"StringLiteralTypeAnnotation":{"enter":[null]},"StringTypeAnnotation":{"enter":[null]},"ThisTypeAnnotation":{"enter":[null]},"TupleTypeAnnotation":{"enter":[null]},"TypeofTypeAnnotation":{"enter":[null]},"TypeAlias":{"enter":[null]},"TypeAnnotation":{"enter":[null]},"TypeParameter":{"enter":[null]},"TypeParameterDeclaration":{"enter":[null]},"TypeParameterInstantiation":{"enter":[null]},"UnionTypeAnnotation":{"enter":[null]},"Variance":{"enter":[null]},"VoidTypeAnnotation":{"enter":[null]},"ExportAllDeclaration":{"enter":[null]},"ExportDefaultDeclaration":{"enter":[null]},"ExportNamedDeclaration":{"enter":[null]}},"options":{}},{"key":"transform-runtime","visitor":{"CallExpression":{"enter":[null]},"BinaryExpression":{"enter":[null]},"MemberExpression":{"enter":[null],"exit":[null]},"_exploded":true,"_verified":true,"Identifier":{"enter":[null]},"JSXIdentifier":{"enter":[null]}},"options":{}},{"key":"syntax-object-rest-spread","visitor":{"_exploded":true,"_verified":true},"options":{}},{"key":"proposal-object-rest-spread","visitor":{"_exploded":{},"_verified":{},"VariableDeclarator":{"enter":[null]},"ExportNamedDeclaration":{"enter":[null]},"CatchClause":{"enter":[null]},"AssignmentExpression":{"enter":[null]},"ObjectExpression":{"enter":[null]},"FunctionDeclaration":{"enter":[null]},"FunctionExpression":{"enter":[null]},"ObjectMethod":{"enter":[null]},"ArrowFunctionExpression":{"enter":[null]},"ClassMethod":{"enter":[null]},"ClassPrivateMethod":{"enter":[null]},"ForInStatement":{"enter":[null]},"ForOfStatement":{"enter":[null]}},"options":{}},{"key":"transform-meteor-async-await","visitor":{"AwaitExpression":{"enter":[null]},"_exploded":true,"_verified":true,"FunctionDeclaration":{"exit":[null]},"FunctionExpression":{"exit":[null]},"ObjectMethod":{"exit":[null]},"ArrowFunctionExpression":{"exit":[null]},"ClassMethod":{"exit":[null]},"ClassPrivateMethod":{"exit":[null]}},"options":{"useNativeAsyncAwait":false}},{"key":"transform-meteor-dynamic-import","visitor":{"_exploded":{},"_verified":{},"CallExpression":{"enter":[null]}},"options":{}},{"key":"proposal-async-generator-functions","visitor":{"_exploded":{},"_verified":{},"Program":{"enter":[null]}},"options":{}},{"key":"transform-modules-commonjs","visitor":{"Program":{"exit":[null]},"_exploded":true,"_verified":true},"options":{"allowTopLevelThis":true,"strictMode":false,"loose":true}},{"key":"proposal-class-properties","visitor":{"PrivateName":{"enter":[null]},"ExportDefaultDeclaration":{"enter":[null]},"_exploded":true,"_verified":true,"ClassDeclaration":{"enter":[null]},"ClassExpression":{"enter":[null]}},"options":{"loose":true}}],"presets":[],"generatorOpts":{"filename":"/home/tokir/Meteor/SocialMediaProject/social-network/packages/mongo/doc_fetcher.js","comments":true,"compact":false,"sourceMaps":true,"sourceFileName":"packages/mongo/doc_fetcher.js"}},"code":"var Fiber = Npm.require('fibers');\n\nvar Future = Npm.require('fibers/future');\n\nDocFetcher = function (mongoConnection) {\n  var self = this;\n  self._mongoConnection = mongoConnection; // Map from cache key -> [callback]\n\n  self._callbacksForCacheKey = {};\n};\n\n_.extend(DocFetcher.prototype, {\n  // Fetches document \"id\" from collectionName, returning it or null if not\n  // found.\n  //\n  // If you make multiple calls to fetch() with the same cacheKey (a string),\n  // DocFetcher may assume that they all return the same document. (It does\n  // not check to see if collectionName/id match.)\n  //\n  // You may assume that callback is never called synchronously (and in fact\n  // OplogObserveDriver does so).\n  fetch: function (collectionName, id, cacheKey, callback) {\n    var self = this;\n    check(collectionName, String); // id is some sort of scalar\n\n    check(cacheKey, String); // If there's already an in-progress fetch for this cache key, yield until\n    // it's done and return whatever it returns.\n\n    if (_.has(self._callbacksForCacheKey, cacheKey)) {\n      self._callbacksForCacheKey[cacheKey].push(callback);\n\n      return;\n    }\n\n    var callbacks = self._callbacksForCacheKey[cacheKey] = [callback];\n    Fiber(function () {\n      try {\n        var doc = self._mongoConnection.findOne(collectionName, {\n          _id: id\n        }) || null; // Return doc to all relevant callbacks. Note that this array can\n        // continue to grow during callback excecution.\n\n        while (!_.isEmpty(callbacks)) {\n          // Clone the document so that the various calls to fetch don't return\n          // objects that are intertwingled with each other. Clone before\n          // popping the future, so that if clone throws, the error gets passed\n          // to the next callback.\n          var clonedDoc = EJSON.clone(doc);\n          callbacks.pop()(null, clonedDoc);\n        }\n      } catch (e) {\n        while (!_.isEmpty(callbacks)) {\n          callbacks.pop()(e);\n        }\n      } finally {\n        // XXX consider keeping the doc around for a period of time before\n        // removing from the cache\n        delete self._callbacksForCacheKey[cacheKey];\n      }\n    }).run();\n  }\n});\n\nMongoTest.DocFetcher = DocFetcher;","map":{"version":3,"sources":["packages/mongo/doc_fetcher.js"],"names":["Fiber","Npm","require","Future","DocFetcher","mongoConnection","self","_mongoConnection","_callbacksForCacheKey","_","extend","prototype","fetch","collectionName","id","cacheKey","callback","check","String","has","push","callbacks","doc","findOne","_id","isEmpty","clonedDoc","EJSON","clone","pop","e","run","MongoTest"],"mappings":"AAAA,IAAIA,KAAK,GAAGC,GAAG,CAACC,OAAJ,CAAY,QAAZ,CAAZ;;AACA,IAAIC,MAAM,GAAGF,GAAG,CAACC,OAAJ,CAAY,eAAZ,CAAb;;AAEAE,UAAU,GAAG,UAAUC,eAAV,EAA2B;AACtC,MAAIC,IAAI,GAAG,IAAX;AACAA,EAAAA,IAAI,CAACC,gBAAL,GAAwBF,eAAxB,CAFsC,CAGtC;;AACAC,EAAAA,IAAI,CAACE,qBAAL,GAA6B,EAA7B;AACD,CALD;;AAOAC,CAAC,CAACC,MAAF,CAASN,UAAU,CAACO,SAApB,EAA+B;AAC7B;AACA;AACA;AACA;AACA;AACA;AACA;AACA;AACA;AACAC,EAAAA,KAAK,EAAE,UAAUC,cAAV,EAA0BC,EAA1B,EAA8BC,QAA9B,EAAwCC,QAAxC,EAAkD;AACvD,QAAIV,IAAI,GAAG,IAAX;AAEAW,IAAAA,KAAK,CAACJ,cAAD,EAAiBK,MAAjB,CAAL,CAHuD,CAIvD;;AACAD,IAAAA,KAAK,CAACF,QAAD,EAAWG,MAAX,CAAL,CALuD,CAOvD;AACA;;AACA,QAAIT,CAAC,CAACU,GAAF,CAAMb,IAAI,CAACE,qBAAX,EAAkCO,QAAlC,CAAJ,EAAiD;AAC/CT,MAAAA,IAAI,CAACE,qBAAL,CAA2BO,QAA3B,EAAqCK,IAArC,CAA0CJ,QAA1C;;AACA;AACD;;AAED,QAAIK,SAAS,GAAGf,IAAI,CAACE,qBAAL,CAA2BO,QAA3B,IAAuC,CAACC,QAAD,CAAvD;AAEAhB,IAAAA,KAAK,CAAC,YAAY;AAChB,UAAI;AACF,YAAIsB,GAAG,GAAGhB,IAAI,CAACC,gBAAL,CAAsBgB,OAAtB,CACRV,cADQ,EACQ;AAACW,UAAAA,GAAG,EAAEV;AAAN,SADR,KACsB,IADhC,CADE,CAGF;AACA;;AACA,eAAO,CAACL,CAAC,CAACgB,OAAF,CAAUJ,SAAV,CAAR,EAA8B;AAC5B;AACA;AACA;AACA;AACA,cAAIK,SAAS,GAAGC,KAAK,CAACC,KAAN,CAAYN,GAAZ,CAAhB;AACAD,UAAAA,SAAS,CAACQ,GAAV,GAAgB,IAAhB,EAAsBH,SAAtB;AACD;AACF,OAbD,CAaE,OAAOI,CAAP,EAAU;AACV,eAAO,CAACrB,CAAC,CAACgB,OAAF,CAAUJ,SAAV,CAAR,EAA8B;AAC5BA,UAAAA,SAAS,CAACQ,GAAV,GAAgBC,CAAhB;AACD;AACF,OAjBD,SAiBU;AACR;AACA;AACA,eAAOxB,IAAI,CAACE,qBAAL,CAA2BO,QAA3B,CAAP;AACD;AACF,KAvBI,CAAL,CAuBGgB,GAvBH;AAwBD;AAlD4B,CAA/B;;AAqDAC,SAAS,CAAC5B,UAAV,GAAuBA,UAAvB","sourcesContent":["var Fiber = Npm.require('fibers');\nvar Future = Npm.require('fibers/future');\n\nDocFetcher = function (mongoConnection) {\n  var self = this;\n  self._mongoConnection = mongoConnection;\n  // Map from cache key -> [callback]\n  self._callbacksForCacheKey = {};\n};\n\n_.extend(DocFetcher.prototype, {\n  // Fetches document \"id\" from collectionName, returning it or null if not\n  // found.\n  //\n  // If you make multiple calls to fetch() with the same cacheKey (a string),\n  // DocFetcher may assume that they all return the same document. (It does\n  // not check to see if collectionName/id match.)\n  //\n  // You may assume that callback is never called synchronously (and in fact\n  // OplogObserveDriver does so).\n  fetch: function (collectionName, id, cacheKey, callback) {\n    var self = this;\n\n    check(collectionName, String);\n    // id is some sort of scalar\n    check(cacheKey, String);\n\n    // If there's already an in-progress fetch for this cache key, yield until\n    // it's done and return whatever it returns.\n    if (_.has(self._callbacksForCacheKey, cacheKey)) {\n      self._callbacksForCacheKey[cacheKey].push(callback);\n      return;\n    }\n\n    var callbacks = self._callbacksForCacheKey[cacheKey] = [callback];\n\n    Fiber(function () {\n      try {\n        var doc = self._mongoConnection.findOne(\n          collectionName, {_id: id}) || null;\n        // Return doc to all relevant callbacks. Note that this array can\n        // continue to grow during callback excecution.\n        while (!_.isEmpty(callbacks)) {\n          // Clone the document so that the various calls to fetch don't return\n          // objects that are intertwingled with each other. Clone before\n          // popping the future, so that if clone throws, the error gets passed\n          // to the next callback.\n          var clonedDoc = EJSON.clone(doc);\n          callbacks.pop()(null, clonedDoc);\n        }\n      } catch (e) {\n        while (!_.isEmpty(callbacks)) {\n          callbacks.pop()(e);\n        }\n      } finally {\n        // XXX consider keeping the doc around for a period of time before\n        // removing from the cache\n        delete self._callbacksForCacheKey[cacheKey];\n      }\n    }).run();\n  }\n});\n\nMongoTest.DocFetcher = DocFetcher;\n"]},"sourceType":"script","hash":"8761ef7b2d16a95aa46e5b438af45bcafce4b60f"}
