{"metadata":{},"options":{"compact":false,"sourceMaps":true,"ast":true,"babelrc":false,"configFile":false,"parserOpts":{"sourceType":"module","sourceFileName":"/home/tokir/Meteor/SocialMediaProject/social-network/packages/webapp/socket_file.js","plugins":["*","flow","jsx","asyncGenerators","bigInt","classPrivateMethods","classPrivateProperties","classProperties","doExpressions","dynamicImport","exportDefaultFrom","exportExtensions","exportNamespaceFrom","functionBind","functionSent","importMeta","nullishCoalescingOperator","numericSeparator","objectRestSpread","optionalCatchBinding","optionalChaining",["pipelineOperator",{"proposal":"minimal"}],"throwExpressions","jsx",["flow",{}],["flow",{}],"objectRestSpread","objectRestSpread","dynamicImport","asyncGenerators","classProperties","classPrivateProperties"],"allowImportExportEverywhere":true,"allowReturnOutsideFunction":true,"strictMode":false},"caller":{"name":"meteor","arch":"os.linux.x86_64"},"sourceFileName":"packages/webapp/socket_file.js","filename":"/home/tokir/Meteor/SocialMediaProject/social-network/packages/webapp/socket_file.js","passPerPreset":false,"envName":"development","cwd":"/home/tokir/Meteor/SocialMediaProject/social-network","root":"/home/tokir/Meteor/SocialMediaProject/social-network","plugins":[{"key":"transform-react-jsx","visitor":{"_exploded":{},"_verified":{},"JSXNamespacedName":{"enter":[null]},"JSXSpreadChild":{"enter":[null]},"JSXElement":{"exit":[null]},"JSXFragment":{"exit":[null]},"Program":{"enter":[null],"exit":[null]},"JSXAttribute":{"enter":[null]}},"options":{"pragma":"React.createElement","pragmaFrag":"React.Fragment","throwIfNamespace":true,"useBuiltIns":false}},{"key":"transform-react-display-name","visitor":{"ExportDefaultDeclaration":{"enter":[null]},"CallExpression":{"enter":[null]},"_exploded":true,"_verified":true},"options":{}},{"key":"base$0$0","visitor":{"Program":{"enter":[null]},"_exploded":true,"_verified":true},"options":{"generateLetDeclarations":true,"enforceStrictMode":false}},{"key":"syntax-flow","visitor":{"_exploded":true,"_verified":true},"options":{}},{"key":"transform-flow-strip-types","visitor":{"_exploded":{},"_verified":{},"Program":{"enter":[null]},"ImportDeclaration":{"enter":[null,null]},"ClassProperty":{"enter":[null]},"ClassPrivateProperty":{"enter":[null]},"AssignmentPattern":{"enter":[null]},"TypeCastExpression":{"enter":[null,null]},"CallExpression":{"enter":[null]},"OptionalCallExpression":{"enter":[null]},"NewExpression":{"enter":[null]},"ImportSpecifier":{"enter":[null]},"ClassDeclaration":{"enter":[null]},"ClassExpression":{"enter":[null]},"FunctionDeclaration":{"enter":[null]},"FunctionExpression":{"enter":[null]},"ObjectMethod":{"enter":[null]},"ArrowFunctionExpression":{"enter":[null]},"ClassMethod":{"enter":[null]},"ClassPrivateMethod":{"enter":[null]},"AnyTypeAnnotation":{"enter":[null]},"ArrayTypeAnnotation":{"enter":[null]},"BooleanTypeAnnotation":{"enter":[null]},"BooleanLiteralTypeAnnotation":{"enter":[null]},"NullLiteralTypeAnnotation":{"enter":[null]},"ClassImplements":{"enter":[null]},"DeclareClass":{"enter":[null]},"DeclareFunction":{"enter":[null]},"DeclareInterface":{"enter":[null]},"DeclareModule":{"enter":[null]},"DeclareModuleExports":{"enter":[null]},"DeclareTypeAlias":{"enter":[null]},"DeclareOpaqueType":{"enter":[null]},"DeclareVariable":{"enter":[null]},"DeclareExportDeclaration":{"enter":[null]},"DeclareExportAllDeclaration":{"enter":[null]},"DeclaredPredicate":{"enter":[null]},"ExistsTypeAnnotation":{"enter":[null]},"FunctionTypeAnnotation":{"enter":[null]},"FunctionTypeParam":{"enter":[null]},"GenericTypeAnnotation":{"enter":[null]},"InferredPredicate":{"enter":[null]},"InterfaceExtends":{"enter":[null]},"InterfaceDeclaration":{"enter":[null]},"InterfaceTypeAnnotation":{"enter":[null]},"IntersectionTypeAnnotation":{"enter":[null]},"MixedTypeAnnotation":{"enter":[null]},"EmptyTypeAnnotation":{"enter":[null]},"NullableTypeAnnotation":{"enter":[null]},"NumberLiteralTypeAnnotation":{"enter":[null]},"NumberTypeAnnotation":{"enter":[null]},"ObjectTypeAnnotation":{"enter":[null]},"ObjectTypeInternalSlot":{"enter":[null]},"ObjectTypeCallProperty":{"enter":[null]},"ObjectTypeIndexer":{"enter":[null]},"ObjectTypeProperty":{"enter":[null]},"ObjectTypeSpreadProperty":{"enter":[null]},"OpaqueType":{"enter":[null]},"QualifiedTypeIdentifier":{"enter":[null]},"StringLiteralTypeAnnotation":{"enter":[null]},"StringTypeAnnotation":{"enter":[null]},"ThisTypeAnnotation":{"enter":[null]},"TupleTypeAnnotation":{"enter":[null]},"TypeofTypeAnnotation":{"enter":[null]},"TypeAlias":{"enter":[null]},"TypeAnnotation":{"enter":[null]},"TypeParameter":{"enter":[null]},"TypeParameterDeclaration":{"enter":[null]},"TypeParameterInstantiation":{"enter":[null]},"UnionTypeAnnotation":{"enter":[null]},"Variance":{"enter":[null]},"VoidTypeAnnotation":{"enter":[null]},"ExportAllDeclaration":{"enter":[null]},"ExportDefaultDeclaration":{"enter":[null]},"ExportNamedDeclaration":{"enter":[null]}},"options":{}},{"key":"transform-runtime","visitor":{"CallExpression":{"enter":[null]},"BinaryExpression":{"enter":[null]},"MemberExpression":{"enter":[null],"exit":[null]},"_exploded":true,"_verified":true,"Identifier":{"enter":[null]},"JSXIdentifier":{"enter":[null]}},"options":{}},{"key":"syntax-object-rest-spread","visitor":{"_exploded":true,"_verified":true},"options":{}},{"key":"proposal-object-rest-spread","visitor":{"_exploded":{},"_verified":{},"VariableDeclarator":{"enter":[null]},"ExportNamedDeclaration":{"enter":[null]},"CatchClause":{"enter":[null]},"AssignmentExpression":{"enter":[null]},"ObjectExpression":{"enter":[null]},"FunctionDeclaration":{"enter":[null]},"FunctionExpression":{"enter":[null]},"ObjectMethod":{"enter":[null]},"ArrowFunctionExpression":{"enter":[null]},"ClassMethod":{"enter":[null]},"ClassPrivateMethod":{"enter":[null]},"ForInStatement":{"enter":[null]},"ForOfStatement":{"enter":[null]}},"options":{}},{"key":"transform-meteor-async-await","visitor":{"AwaitExpression":{"enter":[null]},"_exploded":true,"_verified":true,"FunctionDeclaration":{"exit":[null]},"FunctionExpression":{"exit":[null]},"ObjectMethod":{"exit":[null]},"ArrowFunctionExpression":{"exit":[null]},"ClassMethod":{"exit":[null]},"ClassPrivateMethod":{"exit":[null]}},"options":{"useNativeAsyncAwait":false}},{"key":"transform-meteor-dynamic-import","visitor":{"_exploded":{},"_verified":{},"CallExpression":{"enter":[null]}},"options":{}},{"key":"proposal-async-generator-functions","visitor":{"_exploded":{},"_verified":{},"Program":{"enter":[null]}},"options":{}},{"key":"transform-modules-commonjs","visitor":{"Program":{"exit":[null]},"_exploded":true,"_verified":true},"options":{"allowTopLevelThis":true,"strictMode":false,"loose":true}},{"key":"proposal-class-properties","visitor":{"PrivateName":{"enter":[null]},"ExportDefaultDeclaration":{"enter":[null]},"_exploded":true,"_verified":true,"ClassDeclaration":{"enter":[null]},"ClassExpression":{"enter":[null]}},"options":{"loose":true}}],"presets":[],"generatorOpts":{"filename":"/home/tokir/Meteor/SocialMediaProject/social-network/packages/webapp/socket_file.js","comments":true,"compact":false,"sourceMaps":true,"sourceFileName":"packages/webapp/socket_file.js"}},"code":"module.export({\n  removeExistingSocketFile: () => removeExistingSocketFile,\n  registerSocketFileCleanup: () => registerSocketFileCleanup\n});\nlet statSync, unlinkSync, existsSync;\nmodule.link(\"fs\", {\n  statSync(v) {\n    statSync = v;\n  },\n\n  unlinkSync(v) {\n    unlinkSync = v;\n  },\n\n  existsSync(v) {\n    existsSync = v;\n  }\n\n}, 0);\n\nconst removeExistingSocketFile = socketPath => {\n  try {\n    if (statSync(socketPath).isSocket()) {\n      // Since a new socket file will be created, remove the existing\n      // file.\n      unlinkSync(socketPath);\n    } else {\n      throw new Error(`An existing file was found at \"${socketPath}\" and it is not ` + 'a socket file. Please confirm PORT is pointing to valid and ' + 'un-used socket file path.');\n    }\n  } catch (error) {\n    // If there is no existing socket file to cleanup, great, we'll\n    // continue normally. If the caught exception represents any other\n    // issue, re-throw.\n    if (error.code !== 'ENOENT') {\n      throw error;\n    }\n  }\n};\n\nconst registerSocketFileCleanup = (socketPath, eventEmitter = process) => {\n  ['exit', 'SIGINT', 'SIGHUP', 'SIGTERM'].forEach(signal => {\n    eventEmitter.on(signal, Meteor.bindEnvironment(() => {\n      if (existsSync(socketPath)) {\n        unlinkSync(socketPath);\n      }\n    }));\n  });\n};","map":{"version":3,"sources":["packages/webapp/socket_file.js"],"names":["module","export","removeExistingSocketFile","registerSocketFileCleanup","statSync","unlinkSync","existsSync","link","v","socketPath","isSocket","Error","error","code","eventEmitter","process","forEach","signal","on","Meteor","bindEnvironment"],"mappings":"AAAAA,MAAM,CAACC,MAAP,CAAc;AAACC,EAAAA,wBAAwB,EAAC,MAAIA,wBAA9B;AAAuDC,EAAAA,yBAAyB,EAAC,MAAIA;AAArF,CAAd;AAA+H,IAAIC,QAAJ,EAAaC,UAAb,EAAwBC,UAAxB;AAAmCN,MAAM,CAACO,IAAP,CAAY,IAAZ,EAAiB;AAACH,EAAAA,QAAQ,CAACI,CAAD,EAAG;AAACJ,IAAAA,QAAQ,GAACI,CAAT;AAAW,GAAxB;;AAAyBH,EAAAA,UAAU,CAACG,CAAD,EAAG;AAACH,IAAAA,UAAU,GAACG,CAAX;AAAa,GAApD;;AAAqDF,EAAAA,UAAU,CAACE,CAAD,EAAG;AAACF,IAAAA,UAAU,GAACE,CAAX;AAAa;;AAAhF,CAAjB,EAAmG,CAAnG;;AAyB3J,MAAMN,wBAAwB,GAAIO,UAAD,IAAgB;AACtD,MAAI;AACF,QAAIL,QAAQ,CAACK,UAAD,CAAR,CAAqBC,QAArB,EAAJ,EAAqC;AACnC;AACA;AACAL,MAAAA,UAAU,CAACI,UAAD,CAAV;AACD,KAJD,MAIO;AACL,YAAM,IAAIE,KAAJ,CACH,kCAAiCF,UAAW,kBAA7C,GACA,8DADA,GAEA,2BAHI,CAAN;AAKD;AACF,GAZD,CAYE,OAAOG,KAAP,EAAc;AACd;AACA;AACA;AACA,QAAIA,KAAK,CAACC,IAAN,KAAe,QAAnB,EAA6B;AAC3B,YAAMD,KAAN;AACD;AACF;AACF,CArBM;;AA0BA,MAAMT,yBAAyB,GACpC,CAACM,UAAD,EAAaK,YAAY,GAAGC,OAA5B,KAAwC;AACtC,GAAC,MAAD,EAAS,QAAT,EAAmB,QAAnB,EAA6B,SAA7B,EAAwCC,OAAxC,CAAgDC,MAAM,IAAI;AACxDH,IAAAA,YAAY,CAACI,EAAb,CAAgBD,MAAhB,EAAwBE,MAAM,CAACC,eAAP,CAAuB,MAAM;AACnD,UAAId,UAAU,CAACG,UAAD,CAAd,EAA4B;AAC1BJ,QAAAA,UAAU,CAACI,UAAD,CAAV;AACD;AACF,KAJuB,CAAxB;AAKD,GAND;AAOD,CATI","sourcesContent":["import { statSync, unlinkSync, existsSync } from 'fs';\n\n// Since a new socket file will be created when the HTTP server\n// starts up, if found remove the existing file.\n//\n// WARNING:\n// This will remove the configured socket file without warning. If\n// the configured socket file is already in use by another application,\n// it will still be removed. Node does not provide a reliable way to\n// differentiate between a socket file that is already in use by\n// another application or a stale socket file that has been\n// left over after a SIGKILL. Since we have no reliable way to\n// differentiate between these two scenarios, the best course of\n// action during startup is to remove any existing socket file. This\n// is not the safest course of action as removing the existing socket\n// file could impact an application using it, but this approach helps\n// ensure the HTTP server can startup without manual\n// intervention (e.g. asking for the verification and cleanup of socket\n// files before allowing the HTTP server to be started).\n//\n// The above being said, as long as the socket file path is\n// configured carefully when the application is deployed (and extra\n// care is taken to make sure the configured path is unique and doesn't\n// conflict with another socket file path), then there should not be\n// any issues with this approach.\nexport const removeExistingSocketFile = (socketPath) => {\n  try {\n    if (statSync(socketPath).isSocket()) {\n      // Since a new socket file will be created, remove the existing\n      // file.\n      unlinkSync(socketPath);\n    } else {\n      throw new Error(\n        `An existing file was found at \"${socketPath}\" and it is not ` +\n        'a socket file. Please confirm PORT is pointing to valid and ' +\n        'un-used socket file path.'\n      );\n    }\n  } catch (error) {\n    // If there is no existing socket file to cleanup, great, we'll\n    // continue normally. If the caught exception represents any other\n    // issue, re-throw.\n    if (error.code !== 'ENOENT') {\n      throw error;\n    }\n  }\n};\n\n// Remove the socket file when done to avoid leaving behind a stale one.\n// Note - a stale socket file is still left behind if the running node\n// process is killed via signal 9 - SIGKILL.\nexport const registerSocketFileCleanup =\n  (socketPath, eventEmitter = process) => {\n    ['exit', 'SIGINT', 'SIGHUP', 'SIGTERM'].forEach(signal => {\n      eventEmitter.on(signal, Meteor.bindEnvironment(() => {\n        if (existsSync(socketPath)) {\n          unlinkSync(socketPath);\n        }\n      }));\n    });\n  };\n"]},"sourceType":"script","hash":"91e72f4118321d843d11fc09408edde982a966e4"}
