{"metadata":{},"options":{"compact":false,"sourceMaps":true,"ast":true,"babelrc":false,"configFile":false,"parserOpts":{"sourceType":"module","sourceFileName":"/home/tokir/Meteor/SocialMediaProject/social-network/packages/oauth/oauth_browser.js","plugins":["*","flow","jsx","asyncGenerators","bigInt","classPrivateMethods","classPrivateProperties","classProperties","doExpressions","dynamicImport","exportDefaultFrom","exportExtensions","exportNamespaceFrom","functionBind","functionSent","importMeta","nullishCoalescingOperator","numericSeparator","objectRestSpread","optionalCatchBinding","optionalChaining",["pipelineOperator",{"proposal":"minimal"}],"throwExpressions","dynamicImport","classProperties","classPrivateProperties","jsx",["flow",{}],"asyncGenerators","objectRestSpread","objectRestSpread",["flow",{}],"asyncGenerators"],"allowImportExportEverywhere":true,"allowReturnOutsideFunction":true,"strictMode":false},"caller":{"name":"meteor","arch":"web.browser.legacy"},"sourceFileName":"packages/oauth/oauth_browser.js","filename":"/home/tokir/Meteor/SocialMediaProject/social-network/packages/oauth/oauth_browser.js","passPerPreset":false,"envName":"development","cwd":"/home/tokir/Meteor/SocialMediaProject/social-network","root":"/home/tokir/Meteor/SocialMediaProject/social-network","plugins":[{"key":"base$0$0","visitor":{"Program":{"enter":[null]},"_exploded":true,"_verified":true},"options":{"generateLetDeclarations":true,"enforceStrictMode":false}},{"key":"transform-meteor-dynamic-import","visitor":{"_exploded":{},"_verified":{},"CallExpression":{"enter":[null]}},"options":{}},{"key":"transform-runtime","visitor":{"CallExpression":{"enter":[null]},"BinaryExpression":{"enter":[null]},"MemberExpression":{"enter":[null],"exit":[null]},"_exploded":true,"_verified":true,"Identifier":{"enter":[null]},"JSXIdentifier":{"enter":[null]}},"options":{}},{"key":"proposal-class-properties","visitor":{"PrivateName":{"enter":[null]},"ExportDefaultDeclaration":{"enter":[null]},"_exploded":true,"_verified":true,"ClassDeclaration":{"enter":[null]},"ClassExpression":{"enter":[null]}},"options":{"loose":true}},{"key":"base$0$4","visitor":{"FunctionExpression":{"exit":[null]},"_exploded":true,"_verified":true},"options":{}},{"key":"base$0$5","visitor":{"ForInStatement":{"enter":[null]},"_exploded":true,"_verified":true},"options":{}},{"key":"transform-modules-commonjs","visitor":{"Program":{"exit":[null]},"_exploded":true,"_verified":true},"options":{"allowTopLevelThis":true,"strictMode":false,"loose":true}},{"key":"transform-react-jsx","visitor":{"_exploded":{},"_verified":{},"JSXNamespacedName":{"enter":[null]},"JSXSpreadChild":{"enter":[null]},"JSXElement":{"exit":[null]},"JSXFragment":{"exit":[null]},"Program":{"enter":[null],"exit":[null]},"JSXAttribute":{"enter":[null]}},"options":{"pragma":"React.createElement","pragmaFrag":"React.Fragment","throwIfNamespace":true,"useBuiltIns":false}},{"key":"transform-react-display-name","visitor":{"ExportDefaultDeclaration":{"enter":[null]},"CallExpression":{"enter":[null]},"_exploded":true,"_verified":true},"options":{}},{"key":"syntax-flow","visitor":{"_exploded":true,"_verified":true},"options":{}},{"key":"syntax-async-generators","visitor":{"_exploded":true,"_verified":true},"options":{}},{"key":"transform-arrow-functions","visitor":{"ArrowFunctionExpression":{"enter":[null]},"_exploded":true,"_verified":true},"options":{}},{"key":"transform-block-scoped-functions","visitor":{"BlockStatement":{"enter":[null]},"SwitchCase":{"enter":[null]},"_exploded":true,"_verified":true},"options":{}},{"key":"transform-block-scoping","visitor":{"VariableDeclaration":{"enter":[null]},"CatchClause":{"enter":[null]},"_exploded":true,"BlockStatement":{"enter":[null]},"SwitchStatement":{"enter":[null]},"Program":{"enter":[null]},"_verified":true,"DoWhileStatement":{"enter":[null]},"ForInStatement":{"enter":[null]},"ForStatement":{"enter":[null]},"WhileStatement":{"enter":[null]},"ForOfStatement":{"enter":[null]}},"options":{}},{"key":"transform-classes","visitor":{"ExportDefaultDeclaration":{"enter":[null]},"ClassDeclaration":{"enter":[null]},"ClassExpression":{"enter":[null]},"_exploded":true,"_verified":true},"options":{"loose":true}},{"key":"transform-computed-properties","visitor":{"ObjectExpression":{"exit":[null]},"_exploded":true,"_verified":true},"options":{"loose":true}},{"key":"transform-destructuring","visitor":{"ExportNamedDeclaration":{"enter":[null]},"CatchClause":{"enter":[null]},"AssignmentExpression":{"enter":[null]},"VariableDeclaration":{"enter":[null]},"_exploded":true,"_verified":true,"ForInStatement":{"enter":[null]},"ForOfStatement":{"enter":[null]}},"options":{}},{"key":"transform-for-of","visitor":{"ForOfStatement":{"enter":[null]},"_exploded":true,"_verified":true},"options":{"loose":true}},{"key":"transform-literals","visitor":{"NumericLiteral":{"enter":[null]},"StringLiteral":{"enter":[null]},"_exploded":true,"_verified":true},"options":{}},{"key":"transform-object-super","visitor":{"ObjectExpression":{"enter":[null]},"_exploded":true,"_verified":true},"options":{}},{"key":"transform-parameters","visitor":{"_exploded":true,"_verified":true,"FunctionDeclaration":{"enter":[null]},"FunctionExpression":{"enter":[null]},"ObjectMethod":{"enter":[null]},"ArrowFunctionExpression":{"enter":[null]},"ClassMethod":{"enter":[null]},"ClassPrivateMethod":{"enter":[null]}},"options":{}},{"key":"transform-shorthand-properties","visitor":{"ObjectMethod":{"enter":[null]},"ObjectProperty":{"enter":[null]},"_exploded":true,"_verified":true},"options":{}},{"key":"transform-spread","visitor":{"ArrayExpression":{"enter":[null]},"CallExpression":{"enter":[null]},"NewExpression":{"enter":[null]},"_exploded":true,"_verified":true},"options":{}},{"key":"transform-sticky-regex","visitor":{"RegExpLiteral":{"enter":[null]},"_exploded":true,"_verified":true},"options":{}},{"key":"transform-template-literals","visitor":{"TaggedTemplateExpression":{"enter":[null]},"TemplateLiteral":{"enter":[null]},"_exploded":true,"_verified":true},"options":{"loose":true}},{"key":"transform-typeof-symbol","visitor":{"UnaryExpression":{"enter":[null]},"_exploded":true,"_verified":true,"BlockStatement":{"enter":[null]},"CatchClause":{"enter":[null]},"DoWhileStatement":{"enter":[null]},"ForInStatement":{"enter":[null]},"ForStatement":{"enter":[null]},"FunctionDeclaration":{"enter":[null]},"FunctionExpression":{"enter":[null]},"Program":{"enter":[null]},"ObjectMethod":{"enter":[null]},"SwitchStatement":{"enter":[null]},"WhileStatement":{"enter":[null]},"ArrowFunctionExpression":{"enter":[null]},"ClassDeclaration":{"enter":[null]},"ClassExpression":{"enter":[null]},"ForOfStatement":{"enter":[null]},"ClassMethod":{"enter":[null]},"ClassPrivateMethod":{"enter":[null]}},"options":{}},{"key":"transform-unicode-regex","visitor":{"RegExpLiteral":{"enter":[null]},"_exploded":true,"_verified":true},"options":{}},{"key":"syntax-object-rest-spread","visitor":{"_exploded":true,"_verified":true},"options":{}},{"key":"proposal-object-rest-spread","visitor":{"_exploded":{},"_verified":{},"VariableDeclarator":{"enter":[null]},"ExportNamedDeclaration":{"enter":[null]},"CatchClause":{"enter":[null]},"AssignmentExpression":{"enter":[null]},"ObjectExpression":{"enter":[null]},"FunctionDeclaration":{"enter":[null]},"FunctionExpression":{"enter":[null]},"ObjectMethod":{"enter":[null]},"ArrowFunctionExpression":{"enter":[null]},"ClassMethod":{"enter":[null]},"ClassPrivateMethod":{"enter":[null]},"ForInStatement":{"enter":[null]},"ForOfStatement":{"enter":[null]}},"options":{}},{"key":"transform-property-literals","visitor":{"ObjectProperty":{"exit":[null]},"_exploded":true,"_verified":true},"options":{}},{"key":"transform-flow-strip-types","visitor":{"_exploded":{},"_verified":{},"Program":{"enter":[null]},"ImportDeclaration":{"enter":[null,null]},"ClassProperty":{"enter":[null]},"ClassPrivateProperty":{"enter":[null]},"AssignmentPattern":{"enter":[null]},"TypeCastExpression":{"enter":[null,null]},"CallExpression":{"enter":[null]},"OptionalCallExpression":{"enter":[null]},"NewExpression":{"enter":[null]},"ImportSpecifier":{"enter":[null]},"ClassDeclaration":{"enter":[null]},"ClassExpression":{"enter":[null]},"FunctionDeclaration":{"enter":[null]},"FunctionExpression":{"enter":[null]},"ObjectMethod":{"enter":[null]},"ArrowFunctionExpression":{"enter":[null]},"ClassMethod":{"enter":[null]},"ClassPrivateMethod":{"enter":[null]},"AnyTypeAnnotation":{"enter":[null]},"ArrayTypeAnnotation":{"enter":[null]},"BooleanTypeAnnotation":{"enter":[null]},"BooleanLiteralTypeAnnotation":{"enter":[null]},"NullLiteralTypeAnnotation":{"enter":[null]},"ClassImplements":{"enter":[null]},"DeclareClass":{"enter":[null]},"DeclareFunction":{"enter":[null]},"DeclareInterface":{"enter":[null]},"DeclareModule":{"enter":[null]},"DeclareModuleExports":{"enter":[null]},"DeclareTypeAlias":{"enter":[null]},"DeclareOpaqueType":{"enter":[null]},"DeclareVariable":{"enter":[null]},"DeclareExportDeclaration":{"enter":[null]},"DeclareExportAllDeclaration":{"enter":[null]},"DeclaredPredicate":{"enter":[null]},"ExistsTypeAnnotation":{"enter":[null]},"FunctionTypeAnnotation":{"enter":[null]},"FunctionTypeParam":{"enter":[null]},"GenericTypeAnnotation":{"enter":[null]},"InferredPredicate":{"enter":[null]},"InterfaceExtends":{"enter":[null]},"InterfaceDeclaration":{"enter":[null]},"InterfaceTypeAnnotation":{"enter":[null]},"IntersectionTypeAnnotation":{"enter":[null]},"MixedTypeAnnotation":{"enter":[null]},"EmptyTypeAnnotation":{"enter":[null]},"NullableTypeAnnotation":{"enter":[null]},"NumberLiteralTypeAnnotation":{"enter":[null]},"NumberTypeAnnotation":{"enter":[null]},"ObjectTypeAnnotation":{"enter":[null]},"ObjectTypeInternalSlot":{"enter":[null]},"ObjectTypeCallProperty":{"enter":[null]},"ObjectTypeIndexer":{"enter":[null]},"ObjectTypeProperty":{"enter":[null]},"ObjectTypeSpreadProperty":{"enter":[null]},"OpaqueType":{"enter":[null]},"QualifiedTypeIdentifier":{"enter":[null]},"StringLiteralTypeAnnotation":{"enter":[null]},"StringTypeAnnotation":{"enter":[null]},"ThisTypeAnnotation":{"enter":[null]},"TupleTypeAnnotation":{"enter":[null]},"TypeofTypeAnnotation":{"enter":[null]},"TypeAlias":{"enter":[null]},"TypeAnnotation":{"enter":[null]},"TypeParameter":{"enter":[null]},"TypeParameterDeclaration":{"enter":[null]},"TypeParameterInstantiation":{"enter":[null]},"UnionTypeAnnotation":{"enter":[null]},"Variance":{"enter":[null]},"VoidTypeAnnotation":{"enter":[null]},"ExportAllDeclaration":{"enter":[null]},"ExportDefaultDeclaration":{"enter":[null]},"ExportNamedDeclaration":{"enter":[null]}},"options":{}},{"key":"transform-exponentiation-operator","visitor":{"AssignmentExpression":{"enter":[null]},"BinaryExpression":{"enter":[null]},"_exploded":true,"_verified":true},"options":{}},{"key":"proposal-async-generator-functions","visitor":{"_exploded":{},"_verified":{},"Program":{"enter":[null]}},"options":{}},{"key":"regenerator-transform","visitor":{"_exploded":true,"_verified":true,"FunctionDeclaration":{"exit":[null]},"FunctionExpression":{"exit":[null]},"ObjectMethod":{"exit":[null]},"ArrowFunctionExpression":{"exit":[null]},"ClassMethod":{"exit":[null]},"ClassPrivateMethod":{"exit":[null]}},"options":{}}],"presets":[],"generatorOpts":{"filename":"/home/tokir/Meteor/SocialMediaProject/social-network/packages/oauth/oauth_browser.js","comments":true,"compact":false,"sourceMaps":true,"sourceFileName":"packages/oauth/oauth_browser.js"}},"code":"// Browser specific code for the OAuth package.\n// Open a popup window, centered on the screen, and call a callback when it\n// closes.\n//\n// @param url {String} url to show\n// @param callback {Function} Callback function to call on completion. Takes no\n//   arguments.\n// @param dimensions {optional Object(width, height)} The dimensions of\n//   the popup. If not passed defaults to something sane.\nOAuth.showPopup = function (url, callback, dimensions) {\n  // default dimensions that worked well for facebook and google\n  var popup = openCenteredPopup(url, dimensions && dimensions.width || 650, dimensions && dimensions.height || 331);\n  var checkPopupOpen = setInterval(function () {\n    var popupClosed;\n\n    try {\n      // Fix for #328 - added a second test criteria (popup.closed === undefined)\n      // to humour this Android quirk:\n      // http://code.google.com/p/android/issues/detail?id=21061\n      popupClosed = popup.closed || popup.closed === undefined;\n    } catch (e) {\n      // For some unknown reason, IE9 (and others?) sometimes (when\n      // the popup closes too quickly?) throws \"SCRIPT16386: No such\n      // interface supported\" when trying to read 'popup.closed'. Try\n      // again in 100ms.\n      return;\n    }\n\n    if (popupClosed) {\n      clearInterval(checkPopupOpen);\n      callback();\n    }\n  }, 100);\n};\n\nvar openCenteredPopup = function (url, width, height) {\n  var screenX = typeof window.screenX !== 'undefined' ? window.screenX : window.screenLeft;\n  var screenY = typeof window.screenY !== 'undefined' ? window.screenY : window.screenTop;\n  var outerWidth = typeof window.outerWidth !== 'undefined' ? window.outerWidth : document.body.clientWidth;\n  var outerHeight = typeof window.outerHeight !== 'undefined' ? window.outerHeight : document.body.clientHeight - 22; // XXX what is the 22?\n  // Use `outerWidth - width` and `outerHeight - height` for help in\n  // positioning the popup centered relative to the current window\n\n  var left = screenX + (outerWidth - width) / 2;\n  var top = screenY + (outerHeight - height) / 2;\n  var features = \"width=\" + width + \",height=\" + height + (\",left=\" + left + \",top=\" + top + \",scrollbars=yes\");\n  var newwindow = window.open(url, 'Login', features);\n\n  if (typeof newwindow === 'undefined') {\n    // blocked by a popup blocker maybe?\n    var err = new Error(\"The login popup was blocked by the browser\");\n    err.attemptedUrl = url;\n    throw err;\n  }\n\n  if (newwindow.focus) newwindow.focus();\n  return newwindow;\n};","map":{"version":3,"sources":["packages/oauth/oauth_browser.js"],"names":["OAuth","showPopup","url","callback","dimensions","popup","openCenteredPopup","width","height","checkPopupOpen","setInterval","popupClosed","closed","undefined","e","clearInterval","screenX","window","screenLeft","screenY","screenTop","outerWidth","document","body","clientWidth","outerHeight","clientHeight","left","top","features","newwindow","open","err","Error","attemptedUrl","focus"],"mappings":"AAAA;AAEA;AACA;AACA;AACA;AACA;AACA;AACA;AACA;AACAA,KAAK,CAACC,SAAN,GAAkB,UAACC,GAAD,EAAMC,QAAN,EAAgBC,UAAhB,EAA+B;AAC/C;AACA,MAAMC,KAAK,GAAGC,iBAAiB,CAC7BJ,GAD6B,EAE5BE,UAAU,IAAIA,UAAU,CAACG,KAA1B,IAAoC,GAFP,EAG5BH,UAAU,IAAIA,UAAU,CAACI,MAA1B,IAAqC,GAHR,CAA/B;AAMA,MAAMC,cAAc,GAAGC,WAAW,CAAC,YAAM;AACvC,QAAIC,WAAJ;;AACA,QAAI;AACF;AACA;AACA;AACAA,MAAAA,WAAW,GAAGN,KAAK,CAACO,MAAN,IAAgBP,KAAK,CAACO,MAAN,KAAiBC,SAA/C;AACD,KALD,CAKE,OAAOC,CAAP,EAAU;AACV;AACA;AACA;AACA;AACA;AACD;;AAED,QAAIH,WAAJ,EAAiB;AACfI,MAAAA,aAAa,CAACN,cAAD,CAAb;AACAN,MAAAA,QAAQ;AACT;AACF,GAnBiC,EAmB/B,GAnB+B,CAAlC;AAoBD,CA5BD;;AA8BA,IAAMG,iBAAiB,GAAG,UAASJ,GAAT,EAAcK,KAAd,EAAqBC,MAArB,EAA6B;AACrD,MAAMQ,OAAO,GAAG,OAAOC,MAAM,CAACD,OAAd,KAA0B,WAA1B,GACRC,MAAM,CAACD,OADC,GACSC,MAAM,CAACC,UADhC;AAEA,MAAMC,OAAO,GAAG,OAAOF,MAAM,CAACE,OAAd,KAA0B,WAA1B,GACRF,MAAM,CAACE,OADC,GACSF,MAAM,CAACG,SADhC;AAEA,MAAMC,UAAU,GAAG,OAAOJ,MAAM,CAACI,UAAd,KAA6B,WAA7B,GACXJ,MAAM,CAACI,UADI,GACSC,QAAQ,CAACC,IAAT,CAAcC,WAD1C;AAEA,MAAMC,WAAW,GAAG,OAAOR,MAAM,CAACQ,WAAd,KAA8B,WAA9B,GACZR,MAAM,CAACQ,WADK,GACUH,QAAQ,CAACC,IAAT,CAAcG,YAAd,GAA6B,EAD3D,CAPqD,CASrD;AAEA;AACA;;AACA,MAAMC,IAAI,GAAGX,OAAO,GAAG,CAACK,UAAU,GAAGd,KAAd,IAAuB,CAA9C;AACA,MAAMqB,GAAG,GAAGT,OAAO,GAAG,CAACM,WAAW,GAAGjB,MAAf,IAAyB,CAA/C;AACA,MAAMqB,QAAQ,GAAI,WAAStB,KAAT,gBAAyBC,MAAzB,eACOmB,IADP,aACmBC,GADnB,qBAAlB;AAIA,MAAME,SAAS,GAAGb,MAAM,CAACc,IAAP,CAAY7B,GAAZ,EAAiB,OAAjB,EAA0B2B,QAA1B,CAAlB;;AAEA,MAAI,OAAOC,SAAP,KAAqB,WAAzB,EAAsC;AACpC;AACA,QAAME,GAAG,GAAG,IAAIC,KAAJ,CAAU,4CAAV,CAAZ;AACAD,IAAAA,GAAG,CAACE,YAAJ,GAAmBhC,GAAnB;AACA,UAAM8B,GAAN;AACD;;AAED,MAAIF,SAAS,CAACK,KAAd,EACEL,SAAS,CAACK,KAAV;AAEF,SAAOL,SAAP;AACD,CAhCD","sourcesContent":["// Browser specific code for the OAuth package.\n\n// Open a popup window, centered on the screen, and call a callback when it\n// closes.\n//\n// @param url {String} url to show\n// @param callback {Function} Callback function to call on completion. Takes no\n//   arguments.\n// @param dimensions {optional Object(width, height)} The dimensions of\n//   the popup. If not passed defaults to something sane.\nOAuth.showPopup = (url, callback, dimensions) => {\n  // default dimensions that worked well for facebook and google\n  const popup = openCenteredPopup(\n    url,\n    (dimensions && dimensions.width) || 650,\n    (dimensions && dimensions.height) || 331\n  );\n\n  const checkPopupOpen = setInterval(() => {\n    let popupClosed;\n    try {\n      // Fix for #328 - added a second test criteria (popup.closed === undefined)\n      // to humour this Android quirk:\n      // http://code.google.com/p/android/issues/detail?id=21061\n      popupClosed = popup.closed || popup.closed === undefined;\n    } catch (e) {\n      // For some unknown reason, IE9 (and others?) sometimes (when\n      // the popup closes too quickly?) throws \"SCRIPT16386: No such\n      // interface supported\" when trying to read 'popup.closed'. Try\n      // again in 100ms.\n      return;\n    }\n\n    if (popupClosed) {\n      clearInterval(checkPopupOpen);\n      callback();\n    }\n  }, 100);\n};\n\nconst openCenteredPopup = function(url, width, height) {\n  const screenX = typeof window.screenX !== 'undefined'\n        ? window.screenX : window.screenLeft;\n  const screenY = typeof window.screenY !== 'undefined'\n        ? window.screenY : window.screenTop;\n  const outerWidth = typeof window.outerWidth !== 'undefined'\n        ? window.outerWidth : document.body.clientWidth;\n  const outerHeight = typeof window.outerHeight !== 'undefined'\n        ? window.outerHeight : (document.body.clientHeight - 22);\n  // XXX what is the 22?\n\n  // Use `outerWidth - width` and `outerHeight - height` for help in\n  // positioning the popup centered relative to the current window\n  const left = screenX + (outerWidth - width) / 2;\n  const top = screenY + (outerHeight - height) / 2;\n  const features = (`width=${width},height=${height}` +\n                  `,left=${left},top=${top},scrollbars=yes`);\n\n\n  const newwindow = window.open(url, 'Login', features);\n\n  if (typeof newwindow === 'undefined') {\n    // blocked by a popup blocker maybe?\n    const err = new Error(\"The login popup was blocked by the browser\");\n    err.attemptedUrl = url;\n    throw err;\n  }\n\n  if (newwindow.focus)\n    newwindow.focus();\n  \n  return newwindow;\n};"]},"sourceType":"script","hash":"a1d5a7f849c621996cc443f15549c8a8905778ad"}
