{"metadata":{},"options":{"compact":false,"sourceMaps":true,"ast":true,"babelrc":false,"configFile":false,"parserOpts":{"sourceType":"module","sourceFileName":"/home/tokir/Meteor/SocialMediaProject/social-network/packages/mongo-id/id.js","plugins":["*","flow","jsx","asyncGenerators","bigInt","classPrivateMethods","classPrivateProperties","classProperties","doExpressions","dynamicImport","exportDefaultFrom","exportExtensions","exportNamespaceFrom","functionBind","functionSent","importMeta","nullishCoalescingOperator","numericSeparator","objectRestSpread","optionalCatchBinding","optionalChaining",["pipelineOperator",{"proposal":"minimal"}],"throwExpressions","jsx",["flow",{}],["flow",{}],"objectRestSpread","objectRestSpread","dynamicImport","asyncGenerators","classProperties","classPrivateProperties"],"allowImportExportEverywhere":true,"allowReturnOutsideFunction":true,"strictMode":false},"caller":{"name":"meteor","arch":"os.linux.x86_64"},"sourceFileName":"packages/mongo-id/id.js","filename":"/home/tokir/Meteor/SocialMediaProject/social-network/packages/mongo-id/id.js","passPerPreset":false,"envName":"development","cwd":"/home/tokir/Meteor/SocialMediaProject/social-network","root":"/home/tokir/Meteor/SocialMediaProject/social-network","plugins":[{"key":"transform-react-jsx","visitor":{"_exploded":{},"_verified":{},"JSXNamespacedName":{"enter":[null]},"JSXSpreadChild":{"enter":[null]},"JSXElement":{"exit":[null]},"JSXFragment":{"exit":[null]},"Program":{"enter":[null],"exit":[null]},"JSXAttribute":{"enter":[null]}},"options":{"pragma":"React.createElement","pragmaFrag":"React.Fragment","throwIfNamespace":true,"useBuiltIns":false}},{"key":"transform-react-display-name","visitor":{"ExportDefaultDeclaration":{"enter":[null]},"CallExpression":{"enter":[null]},"_exploded":true,"_verified":true},"options":{}},{"key":"base$0$0","visitor":{"Program":{"enter":[null]},"_exploded":true,"_verified":true},"options":{"generateLetDeclarations":true,"enforceStrictMode":false}},{"key":"syntax-flow","visitor":{"_exploded":true,"_verified":true},"options":{}},{"key":"transform-flow-strip-types","visitor":{"_exploded":{},"_verified":{},"Program":{"enter":[null]},"ImportDeclaration":{"enter":[null,null]},"ClassProperty":{"enter":[null]},"ClassPrivateProperty":{"enter":[null]},"AssignmentPattern":{"enter":[null]},"TypeCastExpression":{"enter":[null,null]},"CallExpression":{"enter":[null]},"OptionalCallExpression":{"enter":[null]},"NewExpression":{"enter":[null]},"ImportSpecifier":{"enter":[null]},"ClassDeclaration":{"enter":[null]},"ClassExpression":{"enter":[null]},"FunctionDeclaration":{"enter":[null]},"FunctionExpression":{"enter":[null]},"ObjectMethod":{"enter":[null]},"ArrowFunctionExpression":{"enter":[null]},"ClassMethod":{"enter":[null]},"ClassPrivateMethod":{"enter":[null]},"AnyTypeAnnotation":{"enter":[null]},"ArrayTypeAnnotation":{"enter":[null]},"BooleanTypeAnnotation":{"enter":[null]},"BooleanLiteralTypeAnnotation":{"enter":[null]},"NullLiteralTypeAnnotation":{"enter":[null]},"ClassImplements":{"enter":[null]},"DeclareClass":{"enter":[null]},"DeclareFunction":{"enter":[null]},"DeclareInterface":{"enter":[null]},"DeclareModule":{"enter":[null]},"DeclareModuleExports":{"enter":[null]},"DeclareTypeAlias":{"enter":[null]},"DeclareOpaqueType":{"enter":[null]},"DeclareVariable":{"enter":[null]},"DeclareExportDeclaration":{"enter":[null]},"DeclareExportAllDeclaration":{"enter":[null]},"DeclaredPredicate":{"enter":[null]},"ExistsTypeAnnotation":{"enter":[null]},"FunctionTypeAnnotation":{"enter":[null]},"FunctionTypeParam":{"enter":[null]},"GenericTypeAnnotation":{"enter":[null]},"InferredPredicate":{"enter":[null]},"InterfaceExtends":{"enter":[null]},"InterfaceDeclaration":{"enter":[null]},"InterfaceTypeAnnotation":{"enter":[null]},"IntersectionTypeAnnotation":{"enter":[null]},"MixedTypeAnnotation":{"enter":[null]},"EmptyTypeAnnotation":{"enter":[null]},"NullableTypeAnnotation":{"enter":[null]},"NumberLiteralTypeAnnotation":{"enter":[null]},"NumberTypeAnnotation":{"enter":[null]},"ObjectTypeAnnotation":{"enter":[null]},"ObjectTypeInternalSlot":{"enter":[null]},"ObjectTypeCallProperty":{"enter":[null]},"ObjectTypeIndexer":{"enter":[null]},"ObjectTypeProperty":{"enter":[null]},"ObjectTypeSpreadProperty":{"enter":[null]},"OpaqueType":{"enter":[null]},"QualifiedTypeIdentifier":{"enter":[null]},"StringLiteralTypeAnnotation":{"enter":[null]},"StringTypeAnnotation":{"enter":[null]},"ThisTypeAnnotation":{"enter":[null]},"TupleTypeAnnotation":{"enter":[null]},"TypeofTypeAnnotation":{"enter":[null]},"TypeAlias":{"enter":[null]},"TypeAnnotation":{"enter":[null]},"TypeParameter":{"enter":[null]},"TypeParameterDeclaration":{"enter":[null]},"TypeParameterInstantiation":{"enter":[null]},"UnionTypeAnnotation":{"enter":[null]},"Variance":{"enter":[null]},"VoidTypeAnnotation":{"enter":[null]},"ExportAllDeclaration":{"enter":[null]},"ExportDefaultDeclaration":{"enter":[null]},"ExportNamedDeclaration":{"enter":[null]}},"options":{}},{"key":"transform-runtime","visitor":{"CallExpression":{"enter":[null]},"BinaryExpression":{"enter":[null]},"MemberExpression":{"enter":[null],"exit":[null]},"_exploded":true,"_verified":true,"Identifier":{"enter":[null]},"JSXIdentifier":{"enter":[null]}},"options":{}},{"key":"syntax-object-rest-spread","visitor":{"_exploded":true,"_verified":true},"options":{}},{"key":"proposal-object-rest-spread","visitor":{"_exploded":{},"_verified":{},"VariableDeclarator":{"enter":[null]},"ExportNamedDeclaration":{"enter":[null]},"CatchClause":{"enter":[null]},"AssignmentExpression":{"enter":[null]},"ObjectExpression":{"enter":[null]},"FunctionDeclaration":{"enter":[null]},"FunctionExpression":{"enter":[null]},"ObjectMethod":{"enter":[null]},"ArrowFunctionExpression":{"enter":[null]},"ClassMethod":{"enter":[null]},"ClassPrivateMethod":{"enter":[null]},"ForInStatement":{"enter":[null]},"ForOfStatement":{"enter":[null]}},"options":{}},{"key":"transform-meteor-async-await","visitor":{"AwaitExpression":{"enter":[null]},"_exploded":true,"_verified":true,"FunctionDeclaration":{"exit":[null]},"FunctionExpression":{"exit":[null]},"ObjectMethod":{"exit":[null]},"ArrowFunctionExpression":{"exit":[null]},"ClassMethod":{"exit":[null]},"ClassPrivateMethod":{"exit":[null]}},"options":{"useNativeAsyncAwait":false}},{"key":"transform-meteor-dynamic-import","visitor":{"_exploded":{},"_verified":{},"CallExpression":{"enter":[null]}},"options":{}},{"key":"proposal-async-generator-functions","visitor":{"_exploded":{},"_verified":{},"Program":{"enter":[null]}},"options":{}},{"key":"transform-modules-commonjs","visitor":{"Program":{"exit":[null]},"_exploded":true,"_verified":true},"options":{"allowTopLevelThis":true,"strictMode":false,"loose":true}},{"key":"proposal-class-properties","visitor":{"PrivateName":{"enter":[null]},"ExportDefaultDeclaration":{"enter":[null]},"_exploded":true,"_verified":true,"ClassDeclaration":{"enter":[null]},"ClassExpression":{"enter":[null]}},"options":{"loose":true}}],"presets":[],"generatorOpts":{"filename":"/home/tokir/Meteor/SocialMediaProject/social-network/packages/mongo-id/id.js","comments":true,"compact":false,"sourceMaps":true,"sourceFileName":"packages/mongo-id/id.js"}},"code":"module.export({\n  MongoID: () => MongoID\n});\nlet EJSON;\nmodule.link(\"meteor/ejson\", {\n  EJSON(v) {\n    EJSON = v;\n  }\n\n}, 0);\nlet Random;\nmodule.link(\"meteor/random\", {\n  Random(v) {\n    Random = v;\n  }\n\n}, 1);\nconst MongoID = {};\n\nMongoID._looksLikeObjectID = str => str.length === 24 && str.match(/^[0-9a-f]*$/);\n\nMongoID.ObjectID = class ObjectID {\n  constructor(hexString) {\n    //random-based impl of Mongo ObjectID\n    if (hexString) {\n      hexString = hexString.toLowerCase();\n\n      if (!MongoID._looksLikeObjectID(hexString)) {\n        throw new Error('Invalid hexadecimal string for creating an ObjectID');\n      } // meant to work with _.isEqual(), which relies on structural equality\n\n\n      this._str = hexString;\n    } else {\n      this._str = Random.hexString(24);\n    }\n  }\n\n  equals(other) {\n    return other instanceof MongoID.ObjectID && this.valueOf() === other.valueOf();\n  }\n\n  toString() {\n    return `ObjectID(\"${this._str}\")`;\n  }\n\n  clone() {\n    return new MongoID.ObjectID(this._str);\n  }\n\n  typeName() {\n    return 'oid';\n  }\n\n  getTimestamp() {\n    return Number.parseInt(this._str.substr(0, 8), 16);\n  }\n\n  valueOf() {\n    return this._str;\n  }\n\n  toJSONValue() {\n    return this.valueOf();\n  }\n\n  toHexString() {\n    return this.valueOf();\n  }\n\n};\nEJSON.addType('oid', str => new MongoID.ObjectID(str));\n\nMongoID.idStringify = id => {\n  if (id instanceof MongoID.ObjectID) {\n    return id.valueOf();\n  } else if (typeof id === 'string') {\n    if (id === '') {\n      return id;\n    } else if (id.startsWith('-') || // escape previously dashed strings\n    id.startsWith('~') || // escape escaped numbers, true, false\n    MongoID._looksLikeObjectID(id) || // escape object-id-form strings\n    id.startsWith('{')) {\n      // escape object-form strings, for maybe implementing later\n      return `-${id}`;\n    } else {\n      return id; // other strings go through unchanged.\n    }\n  } else if (id === undefined) {\n    return '-';\n  } else if (typeof id === 'object' && id !== null) {\n    throw new Error('Meteor does not currently support objects other than ObjectID as ids');\n  } else {\n    // Numbers, true, false, null\n    return `~${JSON.stringify(id)}`;\n  }\n};\n\nMongoID.idParse = id => {\n  if (id === '') {\n    return id;\n  } else if (id === '-') {\n    return undefined;\n  } else if (id.startsWith('-')) {\n    return id.substr(1);\n  } else if (id.startsWith('~')) {\n    return JSON.parse(id.substr(1));\n  } else if (MongoID._looksLikeObjectID(id)) {\n    return new MongoID.ObjectID(id);\n  } else {\n    return id;\n  }\n};","map":{"version":3,"sources":["packages/mongo-id/id.js"],"names":["module","export","MongoID","EJSON","link","v","Random","_looksLikeObjectID","str","length","match","ObjectID","constructor","hexString","toLowerCase","Error","_str","equals","other","valueOf","toString","clone","typeName","getTimestamp","Number","parseInt","substr","toJSONValue","toHexString","addType","idStringify","id","startsWith","undefined","JSON","stringify","idParse","parse"],"mappings":"AAAAA,MAAM,CAACC,MAAP,CAAc;AAACC,EAAAA,OAAO,EAAC,MAAIA;AAAb,CAAd;AAAqC,IAAIC,KAAJ;AAAUH,MAAM,CAACI,IAAP,CAAY,cAAZ,EAA2B;AAACD,EAAAA,KAAK,CAACE,CAAD,EAAG;AAACF,IAAAA,KAAK,GAACE,CAAN;AAAQ;;AAAlB,CAA3B,EAA+C,CAA/C;AAAkD,IAAIC,MAAJ;AAAWN,MAAM,CAACI,IAAP,CAAY,eAAZ,EAA4B;AAACE,EAAAA,MAAM,CAACD,CAAD,EAAG;AAACC,IAAAA,MAAM,GAACD,CAAP;AAAS;;AAApB,CAA5B,EAAkD,CAAlD;AAG5G,MAAMH,OAAO,GAAG,EAAhB;;AAEAA,OAAO,CAACK,kBAAR,GAA6BC,GAAG,IAAIA,GAAG,CAACC,MAAJ,KAAe,EAAf,IAAqBD,GAAG,CAACE,KAAJ,CAAU,aAAV,CAAzD;;AAEAR,OAAO,CAACS,QAAR,GAAmB,MAAMA,QAAN,CAAe;AAChCC,EAAAA,WAAW,CAAEC,SAAF,EAAa;AACtB;AACA,QAAIA,SAAJ,EAAe;AACbA,MAAAA,SAAS,GAAGA,SAAS,CAACC,WAAV,EAAZ;;AACA,UAAI,CAACZ,OAAO,CAACK,kBAAR,CAA2BM,SAA3B,CAAL,EAA4C;AAC1C,cAAM,IAAIE,KAAJ,CAAU,qDAAV,CAAN;AACD,OAJY,CAKb;;;AACA,WAAKC,IAAL,GAAYH,SAAZ;AACD,KAPD,MAOO;AACL,WAAKG,IAAL,GAAYV,MAAM,CAACO,SAAP,CAAiB,EAAjB,CAAZ;AACD;AACF;;AAEDI,EAAAA,MAAM,CAACC,KAAD,EAAQ;AACZ,WAAOA,KAAK,YAAYhB,OAAO,CAACS,QAAzB,IACP,KAAKQ,OAAL,OAAmBD,KAAK,CAACC,OAAN,EADnB;AAED;;AAEDC,EAAAA,QAAQ,GAAG;AACT,WAAQ,aAAY,KAAKJ,IAAK,IAA9B;AACD;;AAEDK,EAAAA,KAAK,GAAG;AACN,WAAO,IAAInB,OAAO,CAACS,QAAZ,CAAqB,KAAKK,IAA1B,CAAP;AACD;;AAEDM,EAAAA,QAAQ,GAAG;AACT,WAAO,KAAP;AACD;;AAEDC,EAAAA,YAAY,GAAG;AACb,WAAOC,MAAM,CAACC,QAAP,CAAgB,KAAKT,IAAL,CAAUU,MAAV,CAAiB,CAAjB,EAAoB,CAApB,CAAhB,EAAwC,EAAxC,CAAP;AACD;;AAEDP,EAAAA,OAAO,GAAG;AACR,WAAO,KAAKH,IAAZ;AACD;;AAEDW,EAAAA,WAAW,GAAG;AACZ,WAAO,KAAKR,OAAL,EAAP;AACD;;AAEDS,EAAAA,WAAW,GAAG;AACZ,WAAO,KAAKT,OAAL,EAAP;AACD;;AA9C+B,CAAlC;AAkDAhB,KAAK,CAAC0B,OAAN,CAAc,KAAd,EAAqBrB,GAAG,IAAI,IAAIN,OAAO,CAACS,QAAZ,CAAqBH,GAArB,CAA5B;;AAEAN,OAAO,CAAC4B,WAAR,GAAuBC,EAAD,IAAQ;AAC5B,MAAIA,EAAE,YAAY7B,OAAO,CAACS,QAA1B,EAAoC;AAClC,WAAOoB,EAAE,CAACZ,OAAH,EAAP;AACD,GAFD,MAEO,IAAI,OAAOY,EAAP,KAAc,QAAlB,EAA4B;AACjC,QAAIA,EAAE,KAAK,EAAX,EAAe;AACb,aAAOA,EAAP;AACD,KAFD,MAEO,IAAIA,EAAE,CAACC,UAAH,CAAc,GAAd,KAAsB;AACtBD,IAAAA,EAAE,CAACC,UAAH,CAAc,GAAd,CADA,IACsB;AACtB9B,IAAAA,OAAO,CAACK,kBAAR,CAA2BwB,EAA3B,CAFA,IAEkC;AAClCA,IAAAA,EAAE,CAACC,UAAH,CAAc,GAAd,CAHJ,EAGwB;AAAE;AAC/B,aAAQ,IAAGD,EAAG,EAAd;AACD,KALM,MAKA;AACL,aAAOA,EAAP,CADK,CACM;AACZ;AACF,GAXM,MAWA,IAAIA,EAAE,KAAKE,SAAX,EAAsB;AAC3B,WAAO,GAAP;AACD,GAFM,MAEA,IAAI,OAAOF,EAAP,KAAc,QAAd,IAA0BA,EAAE,KAAK,IAArC,EAA2C;AAChD,UAAM,IAAIhB,KAAJ,CAAU,sEAAV,CAAN;AACD,GAFM,MAEA;AAAE;AACP,WAAQ,IAAGmB,IAAI,CAACC,SAAL,CAAeJ,EAAf,CAAmB,EAA9B;AACD;AACF,CArBD;;AAuBA7B,OAAO,CAACkC,OAAR,GAAmBL,EAAD,IAAQ;AACxB,MAAIA,EAAE,KAAK,EAAX,EAAe;AACb,WAAOA,EAAP;AACD,GAFD,MAEO,IAAIA,EAAE,KAAK,GAAX,EAAgB;AACrB,WAAOE,SAAP;AACD,GAFM,MAEA,IAAIF,EAAE,CAACC,UAAH,CAAc,GAAd,CAAJ,EAAwB;AAC7B,WAAOD,EAAE,CAACL,MAAH,CAAU,CAAV,CAAP;AACD,GAFM,MAEA,IAAIK,EAAE,CAACC,UAAH,CAAc,GAAd,CAAJ,EAAwB;AAC7B,WAAOE,IAAI,CAACG,KAAL,CAAWN,EAAE,CAACL,MAAH,CAAU,CAAV,CAAX,CAAP;AACD,GAFM,MAEA,IAAIxB,OAAO,CAACK,kBAAR,CAA2BwB,EAA3B,CAAJ,EAAoC;AACzC,WAAO,IAAI7B,OAAO,CAACS,QAAZ,CAAqBoB,EAArB,CAAP;AACD,GAFM,MAEA;AACL,WAAOA,EAAP;AACD;AACF,CAdD","sourcesContent":["import { EJSON } from 'meteor/ejson';\nimport { Random } from 'meteor/random';\n\nconst MongoID = {};\n\nMongoID._looksLikeObjectID = str => str.length === 24 && str.match(/^[0-9a-f]*$/);\n\nMongoID.ObjectID = class ObjectID {\n  constructor (hexString) {\n    //random-based impl of Mongo ObjectID\n    if (hexString) {\n      hexString = hexString.toLowerCase();\n      if (!MongoID._looksLikeObjectID(hexString)) {\n        throw new Error('Invalid hexadecimal string for creating an ObjectID');\n      }\n      // meant to work with _.isEqual(), which relies on structural equality\n      this._str = hexString;\n    } else {\n      this._str = Random.hexString(24);\n    }\n  }\n\n  equals(other) {\n    return other instanceof MongoID.ObjectID &&\n    this.valueOf() === other.valueOf();\n  }\n\n  toString() {\n    return `ObjectID(\"${this._str}\")`;\n  }\n\n  clone() {\n    return new MongoID.ObjectID(this._str);\n  }\n\n  typeName() {\n    return 'oid';\n  }\n  \n  getTimestamp() {\n    return Number.parseInt(this._str.substr(0, 8), 16);\n  }\n\n  valueOf() {\n    return this._str;\n  }\n\n  toJSONValue() {\n    return this.valueOf();\n  }\n\n  toHexString() {\n    return this.valueOf();\n  }\n\n}\n\nEJSON.addType('oid', str => new MongoID.ObjectID(str));\n\nMongoID.idStringify = (id) => {\n  if (id instanceof MongoID.ObjectID) {\n    return id.valueOf();\n  } else if (typeof id === 'string') {\n    if (id === '') {\n      return id;\n    } else if (id.startsWith('-') || // escape previously dashed strings\n               id.startsWith('~') || // escape escaped numbers, true, false\n               MongoID._looksLikeObjectID(id) || // escape object-id-form strings\n               id.startsWith('{')) { // escape object-form strings, for maybe implementing later\n      return `-${id}`;\n    } else {\n      return id; // other strings go through unchanged.\n    }\n  } else if (id === undefined) {\n    return '-';\n  } else if (typeof id === 'object' && id !== null) {\n    throw new Error('Meteor does not currently support objects other than ObjectID as ids');\n  } else { // Numbers, true, false, null\n    return `~${JSON.stringify(id)}`;\n  }\n};\n\nMongoID.idParse = (id) => {\n  if (id === '') {\n    return id;\n  } else if (id === '-') {\n    return undefined;\n  } else if (id.startsWith('-')) {\n    return id.substr(1);\n  } else if (id.startsWith('~')) {\n    return JSON.parse(id.substr(1));\n  } else if (MongoID._looksLikeObjectID(id)) {\n    return new MongoID.ObjectID(id);\n  } else {\n    return id;\n  }\n};\n\nexport { MongoID };\n"]},"sourceType":"script","hash":"ce550e6f4ea16e7a9b4ba0329e39ffe42546dbba"}
