{"metadata":{},"options":{"compact":false,"sourceMaps":true,"ast":true,"babelrc":false,"configFile":false,"parserOpts":{"sourceType":"module","sourceFileName":"/home/tokir/Meteor/SocialMediaProject/social-network/packages/mongo/remote_collection_driver.js","plugins":["*","flow","jsx","asyncGenerators","bigInt","classPrivateMethods","classPrivateProperties","classProperties","doExpressions","dynamicImport","exportDefaultFrom","exportExtensions","exportNamespaceFrom","functionBind","functionSent","importMeta","nullishCoalescingOperator","numericSeparator","objectRestSpread","optionalCatchBinding","optionalChaining",["pipelineOperator",{"proposal":"minimal"}],"throwExpressions","jsx",["flow",{}],["flow",{}],"objectRestSpread","objectRestSpread","dynamicImport","asyncGenerators","classProperties","classPrivateProperties"],"allowImportExportEverywhere":true,"allowReturnOutsideFunction":true,"strictMode":false},"caller":{"name":"meteor","arch":"os.linux.x86_64"},"sourceFileName":"packages/mongo/remote_collection_driver.js","filename":"/home/tokir/Meteor/SocialMediaProject/social-network/packages/mongo/remote_collection_driver.js","passPerPreset":false,"envName":"development","cwd":"/home/tokir/Meteor/SocialMediaProject/social-network","root":"/home/tokir/Meteor/SocialMediaProject/social-network","plugins":[{"key":"transform-react-jsx","visitor":{"_exploded":{},"_verified":{},"JSXNamespacedName":{"enter":[null]},"JSXSpreadChild":{"enter":[null]},"JSXElement":{"exit":[null]},"JSXFragment":{"exit":[null]},"Program":{"enter":[null],"exit":[null]},"JSXAttribute":{"enter":[null]}},"options":{"pragma":"React.createElement","pragmaFrag":"React.Fragment","throwIfNamespace":true,"useBuiltIns":false}},{"key":"transform-react-display-name","visitor":{"ExportDefaultDeclaration":{"enter":[null]},"CallExpression":{"enter":[null]},"_exploded":true,"_verified":true},"options":{}},{"key":"base$0$0","visitor":{"Program":{"enter":[null]},"_exploded":true,"_verified":true},"options":{"generateLetDeclarations":true,"enforceStrictMode":false}},{"key":"syntax-flow","visitor":{"_exploded":true,"_verified":true},"options":{}},{"key":"transform-flow-strip-types","visitor":{"_exploded":{},"_verified":{},"Program":{"enter":[null]},"ImportDeclaration":{"enter":[null,null]},"ClassProperty":{"enter":[null]},"ClassPrivateProperty":{"enter":[null]},"AssignmentPattern":{"enter":[null]},"TypeCastExpression":{"enter":[null,null]},"CallExpression":{"enter":[null]},"OptionalCallExpression":{"enter":[null]},"NewExpression":{"enter":[null]},"ImportSpecifier":{"enter":[null]},"ClassDeclaration":{"enter":[null]},"ClassExpression":{"enter":[null]},"FunctionDeclaration":{"enter":[null]},"FunctionExpression":{"enter":[null]},"ObjectMethod":{"enter":[null]},"ArrowFunctionExpression":{"enter":[null]},"ClassMethod":{"enter":[null]},"ClassPrivateMethod":{"enter":[null]},"AnyTypeAnnotation":{"enter":[null]},"ArrayTypeAnnotation":{"enter":[null]},"BooleanTypeAnnotation":{"enter":[null]},"BooleanLiteralTypeAnnotation":{"enter":[null]},"NullLiteralTypeAnnotation":{"enter":[null]},"ClassImplements":{"enter":[null]},"DeclareClass":{"enter":[null]},"DeclareFunction":{"enter":[null]},"DeclareInterface":{"enter":[null]},"DeclareModule":{"enter":[null]},"DeclareModuleExports":{"enter":[null]},"DeclareTypeAlias":{"enter":[null]},"DeclareOpaqueType":{"enter":[null]},"DeclareVariable":{"enter":[null]},"DeclareExportDeclaration":{"enter":[null]},"DeclareExportAllDeclaration":{"enter":[null]},"DeclaredPredicate":{"enter":[null]},"ExistsTypeAnnotation":{"enter":[null]},"FunctionTypeAnnotation":{"enter":[null]},"FunctionTypeParam":{"enter":[null]},"GenericTypeAnnotation":{"enter":[null]},"InferredPredicate":{"enter":[null]},"InterfaceExtends":{"enter":[null]},"InterfaceDeclaration":{"enter":[null]},"InterfaceTypeAnnotation":{"enter":[null]},"IntersectionTypeAnnotation":{"enter":[null]},"MixedTypeAnnotation":{"enter":[null]},"EmptyTypeAnnotation":{"enter":[null]},"NullableTypeAnnotation":{"enter":[null]},"NumberLiteralTypeAnnotation":{"enter":[null]},"NumberTypeAnnotation":{"enter":[null]},"ObjectTypeAnnotation":{"enter":[null]},"ObjectTypeInternalSlot":{"enter":[null]},"ObjectTypeCallProperty":{"enter":[null]},"ObjectTypeIndexer":{"enter":[null]},"ObjectTypeProperty":{"enter":[null]},"ObjectTypeSpreadProperty":{"enter":[null]},"OpaqueType":{"enter":[null]},"QualifiedTypeIdentifier":{"enter":[null]},"StringLiteralTypeAnnotation":{"enter":[null]},"StringTypeAnnotation":{"enter":[null]},"ThisTypeAnnotation":{"enter":[null]},"TupleTypeAnnotation":{"enter":[null]},"TypeofTypeAnnotation":{"enter":[null]},"TypeAlias":{"enter":[null]},"TypeAnnotation":{"enter":[null]},"TypeParameter":{"enter":[null]},"TypeParameterDeclaration":{"enter":[null]},"TypeParameterInstantiation":{"enter":[null]},"UnionTypeAnnotation":{"enter":[null]},"Variance":{"enter":[null]},"VoidTypeAnnotation":{"enter":[null]},"ExportAllDeclaration":{"enter":[null]},"ExportDefaultDeclaration":{"enter":[null]},"ExportNamedDeclaration":{"enter":[null]}},"options":{}},{"key":"transform-runtime","visitor":{"CallExpression":{"enter":[null]},"BinaryExpression":{"enter":[null]},"MemberExpression":{"enter":[null],"exit":[null]},"_exploded":true,"_verified":true,"Identifier":{"enter":[null]},"JSXIdentifier":{"enter":[null]}},"options":{}},{"key":"syntax-object-rest-spread","visitor":{"_exploded":true,"_verified":true},"options":{}},{"key":"proposal-object-rest-spread","visitor":{"_exploded":{},"_verified":{},"VariableDeclarator":{"enter":[null]},"ExportNamedDeclaration":{"enter":[null]},"CatchClause":{"enter":[null]},"AssignmentExpression":{"enter":[null]},"ObjectExpression":{"enter":[null]},"FunctionDeclaration":{"enter":[null]},"FunctionExpression":{"enter":[null]},"ObjectMethod":{"enter":[null]},"ArrowFunctionExpression":{"enter":[null]},"ClassMethod":{"enter":[null]},"ClassPrivateMethod":{"enter":[null]},"ForInStatement":{"enter":[null]},"ForOfStatement":{"enter":[null]}},"options":{}},{"key":"transform-meteor-async-await","visitor":{"AwaitExpression":{"enter":[null]},"_exploded":true,"_verified":true,"FunctionDeclaration":{"exit":[null]},"FunctionExpression":{"exit":[null]},"ObjectMethod":{"exit":[null]},"ArrowFunctionExpression":{"exit":[null]},"ClassMethod":{"exit":[null]},"ClassPrivateMethod":{"exit":[null]}},"options":{"useNativeAsyncAwait":false}},{"key":"transform-meteor-dynamic-import","visitor":{"_exploded":{},"_verified":{},"CallExpression":{"enter":[null]}},"options":{}},{"key":"proposal-async-generator-functions","visitor":{"_exploded":{},"_verified":{},"Program":{"enter":[null]}},"options":{}},{"key":"transform-modules-commonjs","visitor":{"Program":{"exit":[null]},"_exploded":true,"_verified":true},"options":{"allowTopLevelThis":true,"strictMode":false,"loose":true}},{"key":"proposal-class-properties","visitor":{"PrivateName":{"enter":[null]},"ExportDefaultDeclaration":{"enter":[null]},"_exploded":true,"_verified":true,"ClassDeclaration":{"enter":[null]},"ClassExpression":{"enter":[null]}},"options":{"loose":true}}],"presets":[],"generatorOpts":{"filename":"/home/tokir/Meteor/SocialMediaProject/social-network/packages/mongo/remote_collection_driver.js","comments":true,"compact":false,"sourceMaps":true,"sourceFileName":"packages/mongo/remote_collection_driver.js"}},"code":"MongoInternals.RemoteCollectionDriver = function (mongo_url, options) {\n  var self = this;\n  self.mongo = new MongoConnection(mongo_url, options);\n};\n\n_.extend(MongoInternals.RemoteCollectionDriver.prototype, {\n  open: function (name) {\n    var self = this;\n    var ret = {};\n\n    _.each(['find', 'findOne', 'insert', 'update', 'upsert', 'remove', '_ensureIndex', '_dropIndex', '_createCappedCollection', 'dropCollection', 'rawCollection'], function (m) {\n      ret[m] = _.bind(self.mongo[m], self.mongo, name);\n    });\n\n    return ret;\n  }\n}); // Create the singleton RemoteCollectionDriver only on demand, so we\n// only require Mongo configuration if it's actually used (eg, not if\n// you're only trying to receive data from a remote DDP server.)\n\n\nMongoInternals.defaultRemoteCollectionDriver = _.once(function () {\n  var connectionOptions = {};\n  var mongoUrl = process.env.MONGO_URL;\n\n  if (process.env.MONGO_OPLOG_URL) {\n    connectionOptions.oplogUrl = process.env.MONGO_OPLOG_URL;\n  }\n\n  if (!mongoUrl) throw new Error(\"MONGO_URL must be set in environment\");\n  return new MongoInternals.RemoteCollectionDriver(mongoUrl, connectionOptions);\n});","map":{"version":3,"sources":["packages/mongo/remote_collection_driver.js"],"names":["MongoInternals","RemoteCollectionDriver","mongo_url","options","self","mongo","MongoConnection","_","extend","prototype","open","name","ret","each","m","bind","defaultRemoteCollectionDriver","once","connectionOptions","mongoUrl","process","env","MONGO_URL","MONGO_OPLOG_URL","oplogUrl","Error"],"mappings":"AAAAA,cAAc,CAACC,sBAAf,GAAwC,UACtCC,SADsC,EAC3BC,OAD2B,EAClB;AACpB,MAAIC,IAAI,GAAG,IAAX;AACAA,EAAAA,IAAI,CAACC,KAAL,GAAa,IAAIC,eAAJ,CAAoBJ,SAApB,EAA+BC,OAA/B,CAAb;AACD,CAJD;;AAMAI,CAAC,CAACC,MAAF,CAASR,cAAc,CAACC,sBAAf,CAAsCQ,SAA/C,EAA0D;AACxDC,EAAAA,IAAI,EAAE,UAAUC,IAAV,EAAgB;AACpB,QAAIP,IAAI,GAAG,IAAX;AACA,QAAIQ,GAAG,GAAG,EAAV;;AACAL,IAAAA,CAAC,CAACM,IAAF,CACE,CAAC,MAAD,EAAS,SAAT,EAAoB,QAApB,EAA8B,QAA9B,EAAwC,QAAxC,EACC,QADD,EACW,cADX,EAC2B,YAD3B,EACyC,yBADzC,EAEC,gBAFD,EAEmB,eAFnB,CADF,EAIE,UAAUC,CAAV,EAAa;AACXF,MAAAA,GAAG,CAACE,CAAD,CAAH,GAASP,CAAC,CAACQ,IAAF,CAAOX,IAAI,CAACC,KAAL,CAAWS,CAAX,CAAP,EAAsBV,IAAI,CAACC,KAA3B,EAAkCM,IAAlC,CAAT;AACD,KANH;;AAOA,WAAOC,GAAP;AACD;AAZuD,CAA1D,E,CAgBA;AACA;AACA;;;AACAZ,cAAc,CAACgB,6BAAf,GAA+CT,CAAC,CAACU,IAAF,CAAO,YAAY;AAChE,MAAIC,iBAAiB,GAAG,EAAxB;AAEA,MAAIC,QAAQ,GAAGC,OAAO,CAACC,GAAR,CAAYC,SAA3B;;AAEA,MAAIF,OAAO,CAACC,GAAR,CAAYE,eAAhB,EAAiC;AAC/BL,IAAAA,iBAAiB,CAACM,QAAlB,GAA6BJ,OAAO,CAACC,GAAR,CAAYE,eAAzC;AACD;;AAED,MAAI,CAAEJ,QAAN,EACE,MAAM,IAAIM,KAAJ,CAAU,sCAAV,CAAN;AAEF,SAAO,IAAIzB,cAAc,CAACC,sBAAnB,CAA0CkB,QAA1C,EAAoDD,iBAApD,CAAP;AACD,CAb8C,CAA/C","sourcesContent":["MongoInternals.RemoteCollectionDriver = function (\n  mongo_url, options) {\n  var self = this;\n  self.mongo = new MongoConnection(mongo_url, options);\n};\n\n_.extend(MongoInternals.RemoteCollectionDriver.prototype, {\n  open: function (name) {\n    var self = this;\n    var ret = {};\n    _.each(\n      ['find', 'findOne', 'insert', 'update', 'upsert',\n       'remove', '_ensureIndex', '_dropIndex', '_createCappedCollection',\n       'dropCollection', 'rawCollection'],\n      function (m) {\n        ret[m] = _.bind(self.mongo[m], self.mongo, name);\n      });\n    return ret;\n  }\n});\n\n\n// Create the singleton RemoteCollectionDriver only on demand, so we\n// only require Mongo configuration if it's actually used (eg, not if\n// you're only trying to receive data from a remote DDP server.)\nMongoInternals.defaultRemoteCollectionDriver = _.once(function () {\n  var connectionOptions = {};\n\n  var mongoUrl = process.env.MONGO_URL;\n\n  if (process.env.MONGO_OPLOG_URL) {\n    connectionOptions.oplogUrl = process.env.MONGO_OPLOG_URL;\n  }\n\n  if (! mongoUrl)\n    throw new Error(\"MONGO_URL must be set in environment\");\n\n  return new MongoInternals.RemoteCollectionDriver(mongoUrl, connectionOptions);\n});\n"]},"sourceType":"script","hash":"db91ec065c65255d6aadb4c12ef1ef6e94fc7af4"}
