{"metadata":{},"options":{"compact":false,"sourceMaps":true,"ast":true,"babelrc":false,"configFile":false,"parserOpts":{"sourceType":"module","sourceFileName":"/home/tokir/Meteor/SocialMediaProject/social-network/packages/google-oauth/google_client.js","plugins":["*","flow","jsx","asyncGenerators","bigInt","classPrivateMethods","classPrivateProperties","classProperties","doExpressions","dynamicImport","exportDefaultFrom","exportExtensions","exportNamespaceFrom","functionBind","functionSent","importMeta","nullishCoalescingOperator","numericSeparator","objectRestSpread","optionalCatchBinding","optionalChaining",["pipelineOperator",{"proposal":"minimal"}],"throwExpressions","dynamicImport","classProperties","classPrivateProperties","jsx",["flow",{}],"asyncGenerators","objectRestSpread","objectRestSpread",["flow",{}],"asyncGenerators"],"allowImportExportEverywhere":true,"allowReturnOutsideFunction":true,"strictMode":false},"caller":{"name":"meteor","arch":"web.browser"},"sourceFileName":"packages/google-oauth/google_client.js","filename":"/home/tokir/Meteor/SocialMediaProject/social-network/packages/google-oauth/google_client.js","passPerPreset":false,"envName":"development","cwd":"/home/tokir/Meteor/SocialMediaProject/social-network","root":"/home/tokir/Meteor/SocialMediaProject/social-network","plugins":[{"key":"base$0$0","visitor":{"Program":{"enter":[null]},"_exploded":true,"_verified":true},"options":{"generateLetDeclarations":true,"enforceStrictMode":false}},{"key":"transform-meteor-dynamic-import","visitor":{"_exploded":{},"_verified":{},"CallExpression":{"enter":[null]}},"options":{}},{"key":"transform-runtime","visitor":{"CallExpression":{"enter":[null]},"BinaryExpression":{"enter":[null]},"MemberExpression":{"enter":[null],"exit":[null]},"_exploded":true,"_verified":true,"Identifier":{"enter":[null]},"JSXIdentifier":{"enter":[null]}},"options":{}},{"key":"proposal-class-properties","visitor":{"PrivateName":{"enter":[null]},"ExportDefaultDeclaration":{"enter":[null]},"_exploded":true,"_verified":true,"ClassDeclaration":{"enter":[null]},"ClassExpression":{"enter":[null]}},"options":{"loose":true}},{"key":"transform-modules-commonjs","visitor":{"Program":{"exit":[null]},"_exploded":true,"_verified":true},"options":{"allowTopLevelThis":true,"strictMode":false,"loose":true}},{"key":"transform-react-jsx","visitor":{"_exploded":{},"_verified":{},"JSXNamespacedName":{"enter":[null]},"JSXSpreadChild":{"enter":[null]},"JSXElement":{"exit":[null]},"JSXFragment":{"exit":[null]},"Program":{"enter":[null],"exit":[null]},"JSXAttribute":{"enter":[null]}},"options":{"pragma":"React.createElement","pragmaFrag":"React.Fragment","throwIfNamespace":true,"useBuiltIns":false}},{"key":"transform-react-display-name","visitor":{"ExportDefaultDeclaration":{"enter":[null]},"CallExpression":{"enter":[null]},"_exploded":true,"_verified":true},"options":{}},{"key":"syntax-flow","visitor":{"_exploded":true,"_verified":true},"options":{}},{"key":"syntax-async-generators","visitor":{"_exploded":true,"_verified":true},"options":{}},{"key":"syntax-object-rest-spread","visitor":{"_exploded":true,"_verified":true},"options":{}},{"key":"transform-for-of","visitor":{"ForOfStatement":{"enter":[null]},"_exploded":true,"_verified":true},"options":{"loose":true}},{"key":"transform-literals","visitor":{"NumericLiteral":{"enter":[null]},"StringLiteral":{"enter":[null]},"_exploded":true,"_verified":true},"options":{}},{"key":"transform-template-literals","visitor":{"TaggedTemplateExpression":{"enter":[null]},"TemplateLiteral":{"enter":[null]},"_exploded":true,"_verified":true},"options":{}},{"key":"transform-parameters","visitor":{"_exploded":true,"_verified":true,"FunctionDeclaration":{"enter":[null]},"FunctionExpression":{"enter":[null]},"ObjectMethod":{"enter":[null]},"ArrowFunctionExpression":{"enter":[null]},"ClassMethod":{"enter":[null]},"ClassPrivateMethod":{"enter":[null]}},"options":{}},{"key":"proposal-object-rest-spread","visitor":{"_exploded":{},"_verified":{},"VariableDeclarator":{"enter":[null]},"ExportNamedDeclaration":{"enter":[null]},"CatchClause":{"enter":[null]},"AssignmentExpression":{"enter":[null]},"ObjectExpression":{"enter":[null]},"FunctionDeclaration":{"enter":[null]},"FunctionExpression":{"enter":[null]},"ObjectMethod":{"enter":[null]},"ArrowFunctionExpression":{"enter":[null]},"ClassMethod":{"enter":[null]},"ClassPrivateMethod":{"enter":[null]},"ForInStatement":{"enter":[null]},"ForOfStatement":{"enter":[null]}},"options":{}},{"key":"transform-flow-strip-types","visitor":{"_exploded":{},"_verified":{},"Program":{"enter":[null]},"ImportDeclaration":{"enter":[null,null]},"ClassProperty":{"enter":[null]},"ClassPrivateProperty":{"enter":[null]},"AssignmentPattern":{"enter":[null]},"TypeCastExpression":{"enter":[null,null]},"CallExpression":{"enter":[null]},"OptionalCallExpression":{"enter":[null]},"NewExpression":{"enter":[null]},"ImportSpecifier":{"enter":[null]},"ClassDeclaration":{"enter":[null]},"ClassExpression":{"enter":[null]},"FunctionDeclaration":{"enter":[null]},"FunctionExpression":{"enter":[null]},"ObjectMethod":{"enter":[null]},"ArrowFunctionExpression":{"enter":[null]},"ClassMethod":{"enter":[null]},"ClassPrivateMethod":{"enter":[null]},"AnyTypeAnnotation":{"enter":[null]},"ArrayTypeAnnotation":{"enter":[null]},"BooleanTypeAnnotation":{"enter":[null]},"BooleanLiteralTypeAnnotation":{"enter":[null]},"NullLiteralTypeAnnotation":{"enter":[null]},"ClassImplements":{"enter":[null]},"DeclareClass":{"enter":[null]},"DeclareFunction":{"enter":[null]},"DeclareInterface":{"enter":[null]},"DeclareModule":{"enter":[null]},"DeclareModuleExports":{"enter":[null]},"DeclareTypeAlias":{"enter":[null]},"DeclareOpaqueType":{"enter":[null]},"DeclareVariable":{"enter":[null]},"DeclareExportDeclaration":{"enter":[null]},"DeclareExportAllDeclaration":{"enter":[null]},"DeclaredPredicate":{"enter":[null]},"ExistsTypeAnnotation":{"enter":[null]},"FunctionTypeAnnotation":{"enter":[null]},"FunctionTypeParam":{"enter":[null]},"GenericTypeAnnotation":{"enter":[null]},"InferredPredicate":{"enter":[null]},"InterfaceExtends":{"enter":[null]},"InterfaceDeclaration":{"enter":[null]},"InterfaceTypeAnnotation":{"enter":[null]},"IntersectionTypeAnnotation":{"enter":[null]},"MixedTypeAnnotation":{"enter":[null]},"EmptyTypeAnnotation":{"enter":[null]},"NullableTypeAnnotation":{"enter":[null]},"NumberLiteralTypeAnnotation":{"enter":[null]},"NumberTypeAnnotation":{"enter":[null]},"ObjectTypeAnnotation":{"enter":[null]},"ObjectTypeInternalSlot":{"enter":[null]},"ObjectTypeCallProperty":{"enter":[null]},"ObjectTypeIndexer":{"enter":[null]},"ObjectTypeProperty":{"enter":[null]},"ObjectTypeSpreadProperty":{"enter":[null]},"OpaqueType":{"enter":[null]},"QualifiedTypeIdentifier":{"enter":[null]},"StringLiteralTypeAnnotation":{"enter":[null]},"StringTypeAnnotation":{"enter":[null]},"ThisTypeAnnotation":{"enter":[null]},"TupleTypeAnnotation":{"enter":[null]},"TypeofTypeAnnotation":{"enter":[null]},"TypeAlias":{"enter":[null]},"TypeAnnotation":{"enter":[null]},"TypeParameter":{"enter":[null]},"TypeParameterDeclaration":{"enter":[null]},"TypeParameterInstantiation":{"enter":[null]},"UnionTypeAnnotation":{"enter":[null]},"Variance":{"enter":[null]},"VoidTypeAnnotation":{"enter":[null]},"ExportAllDeclaration":{"enter":[null]},"ExportDefaultDeclaration":{"enter":[null]},"ExportNamedDeclaration":{"enter":[null]}},"options":{}},{"key":"transform-exponentiation-operator","visitor":{"AssignmentExpression":{"enter":[null]},"BinaryExpression":{"enter":[null]},"_exploded":true,"_verified":true},"options":{}},{"key":"proposal-async-generator-functions","visitor":{"_exploded":{},"_verified":{},"Program":{"enter":[null]}},"options":{}}],"presets":[],"generatorOpts":{"filename":"/home/tokir/Meteor/SocialMediaProject/social-network/packages/google-oauth/google_client.js","comments":true,"compact":false,"sourceMaps":true,"sourceFileName":"packages/google-oauth/google_client.js"}},"code":"let Google;\nmodule.link(\"./namespace.js\", {\n  default(v) {\n    Google = v;\n  }\n\n}, 0);\nconst hasOwn = Object.prototype.hasOwnProperty;\nconst ILLEGAL_PARAMETERS = {\n  'response_type': 1,\n  'client_id': 1,\n  'scope': 1,\n  'redirect_uri': 1,\n  'state': 1\n}; // Request Google credentials for the user\n// @param options {optional}\n// @param credentialRequestCompleteCallback {Function} Callback function to call on\n//   completion. Takes one argument, credentialToken on success, or Error on\n//   error.\n\nGoogle.requestCredential = (options, credentialRequestCompleteCallback) => {\n  // support both (options, callback) and (callback).\n  if (!credentialRequestCompleteCallback && typeof options === 'function') {\n    credentialRequestCompleteCallback = options;\n    options = {};\n  } else if (!options) {\n    options = {};\n  }\n\n  const config = ServiceConfiguration.configurations.findOne({\n    service: 'google'\n  });\n\n  if (!config) {\n    credentialRequestCompleteCallback && credentialRequestCompleteCallback(new ServiceConfiguration.ConfigError());\n    return;\n  }\n\n  const credentialToken = Random.secret(); // we need the email scope to get user id from google.\n\n  const requiredScopes = {\n    'email': 1\n  };\n  let scopes = options.requestPermissions || ['profile'];\n  scopes.forEach(scope => requiredScopes[scope] = 1);\n  scopes = Object.keys(requiredScopes);\n  const loginUrlParameters = {};\n\n  if (config.loginUrlParameters) {\n    Object.assign(loginUrlParameters, config.loginUrlParameters);\n  }\n\n  if (options.loginUrlParameters) {\n    Object.assign(loginUrlParameters, options.loginUrlParameters);\n  } // validate options keys\n\n\n  Object.keys(loginUrlParameters).forEach(key => {\n    if (hasOwn.call(ILLEGAL_PARAMETERS, key)) {\n      throw new Error(\"Google.requestCredential: Invalid loginUrlParameter: \".concat(key));\n    }\n  }); // backwards compatible options\n\n  if (options.requestOfflineToken != null) {\n    loginUrlParameters.access_type = options.requestOfflineToken ? 'offline' : 'online';\n  }\n\n  if (options.prompt != null) {\n    loginUrlParameters.prompt = options.prompt;\n  } else if (options.forceApprovalPrompt) {\n    loginUrlParameters.prompt = 'consent';\n  }\n\n  if (options.loginHint) {\n    loginUrlParameters.login_hint = options.loginHint;\n  }\n\n  const loginStyle = OAuth._loginStyle('google', config, options); // https://developers.google.com/accounts/docs/OAuth2WebServer#formingtheurl\n\n\n  Object.assign(loginUrlParameters, {\n    \"response_type\": \"code\",\n    \"client_id\": config.clientId,\n    \"scope\": scopes.join(' '),\n    // space delimited\n    \"redirect_uri\": OAuth._redirectUri('google', config),\n    \"state\": OAuth._stateParam(loginStyle, credentialToken, options.redirectUrl)\n  });\n  const loginUrl = 'https://accounts.google.com/o/oauth2/auth?' + Object.keys(loginUrlParameters).map(param => \"\".concat(encodeURIComponent(param), \"=\").concat(encodeURIComponent(loginUrlParameters[param]))).join(\"&\");\n  OAuth.launchLogin({\n    loginService: \"google\",\n    loginStyle,\n    loginUrl,\n    credentialRequestCompleteCallback,\n    credentialToken,\n    popupOptions: {\n      height: 600\n    }\n  });\n};","map":{"version":3,"sources":["packages/google-oauth/google_client.js"],"names":["Google","module","link","default","v","hasOwn","Object","prototype","hasOwnProperty","ILLEGAL_PARAMETERS","requestCredential","options","credentialRequestCompleteCallback","config","ServiceConfiguration","configurations","findOne","service","ConfigError","credentialToken","Random","secret","requiredScopes","scopes","requestPermissions","forEach","scope","keys","loginUrlParameters","assign","key","call","Error","requestOfflineToken","access_type","prompt","forceApprovalPrompt","loginHint","login_hint","loginStyle","OAuth","_loginStyle","clientId","join","_redirectUri","_stateParam","redirectUrl","loginUrl","map","param","encodeURIComponent","launchLogin","loginService","popupOptions","height"],"mappings":"AAAA,IAAIA,MAAJ;AAAWC,MAAM,CAACC,IAAP,CAAY,gBAAZ,EAA6B;AAACC,EAAAA,OAAO,CAACC,CAAD,EAAG;AAACJ,IAAAA,MAAM,GAACI,CAAP;AAAS;;AAArB,CAA7B,EAAoD,CAApD;AAEX,MAAMC,MAAM,GAAGC,MAAM,CAACC,SAAP,CAAiBC,cAAhC;AAEA,MAAMC,kBAAkB,GAAG;AACzB,mBAAiB,CADQ;AAEzB,eAAa,CAFY;AAGzB,WAAS,CAHgB;AAIzB,kBAAgB,CAJS;AAKzB,WAAS;AALgB,CAA3B,C,CAQA;AACA;AACA;AACA;AACA;;AACAT,MAAM,CAACU,iBAAP,GAA2B,CAACC,OAAD,EAAUC,iCAAV,KAAgD;AACzE;AACA,MAAI,CAACA,iCAAD,IAAsC,OAAOD,OAAP,KAAmB,UAA7D,EAAyE;AACvEC,IAAAA,iCAAiC,GAAGD,OAApC;AACAA,IAAAA,OAAO,GAAG,EAAV;AACD,GAHD,MAGO,IAAI,CAACA,OAAL,EAAc;AACnBA,IAAAA,OAAO,GAAG,EAAV;AACD;;AAED,QAAME,MAAM,GAAGC,oBAAoB,CAACC,cAArB,CAAoCC,OAApC,CAA4C;AAACC,IAAAA,OAAO,EAAE;AAAV,GAA5C,CAAf;;AACA,MAAI,CAACJ,MAAL,EAAa;AACXD,IAAAA,iCAAiC,IAAIA,iCAAiC,CACpE,IAAIE,oBAAoB,CAACI,WAAzB,EADoE,CAAtE;AAEA;AACD;;AAED,QAAMC,eAAe,GAAGC,MAAM,CAACC,MAAP,EAAxB,CAhByE,CAkBzE;;AACA,QAAMC,cAAc,GAAG;AAAE,aAAS;AAAX,GAAvB;AACA,MAAIC,MAAM,GAAGZ,OAAO,CAACa,kBAAR,IAA8B,CAAC,SAAD,CAA3C;AACAD,EAAAA,MAAM,CAACE,OAAP,CAAeC,KAAK,IAAIJ,cAAc,CAACI,KAAD,CAAd,GAAwB,CAAhD;AACAH,EAAAA,MAAM,GAAGjB,MAAM,CAACqB,IAAP,CAAYL,cAAZ,CAAT;AAEA,QAAMM,kBAAkB,GAAG,EAA3B;;AACA,MAAIf,MAAM,CAACe,kBAAX,EAA8B;AAC5BtB,IAAAA,MAAM,CAACuB,MAAP,CAAcD,kBAAd,EAAkCf,MAAM,CAACe,kBAAzC;AACD;;AACD,MAAIjB,OAAO,CAACiB,kBAAZ,EAA+B;AAC7BtB,IAAAA,MAAM,CAACuB,MAAP,CAAcD,kBAAd,EAAkCjB,OAAO,CAACiB,kBAA1C;AACD,GA9BwE,CAgCzE;;;AACAtB,EAAAA,MAAM,CAACqB,IAAP,CAAYC,kBAAZ,EAAgCH,OAAhC,CAAwCK,GAAG,IAAI;AAC7C,QAAIzB,MAAM,CAAC0B,IAAP,CAAYtB,kBAAZ,EAAgCqB,GAAhC,CAAJ,EAA0C;AACxC,YAAM,IAAIE,KAAJ,gEAAkEF,GAAlE,EAAN;AACD;AACF,GAJD,EAjCyE,CAuCzE;;AACA,MAAInB,OAAO,CAACsB,mBAAR,IAA+B,IAAnC,EAAwC;AACtCL,IAAAA,kBAAkB,CAACM,WAAnB,GAAiCvB,OAAO,CAACsB,mBAAR,GAA8B,SAA9B,GAA0C,QAA3E;AACD;;AACD,MAAItB,OAAO,CAACwB,MAAR,IAAkB,IAAtB,EAA4B;AAC1BP,IAAAA,kBAAkB,CAACO,MAAnB,GAA4BxB,OAAO,CAACwB,MAApC;AACD,GAFD,MAEO,IAAIxB,OAAO,CAACyB,mBAAZ,EAAiC;AACtCR,IAAAA,kBAAkB,CAACO,MAAnB,GAA4B,SAA5B;AACD;;AAED,MAAIxB,OAAO,CAAC0B,SAAZ,EAAuB;AACrBT,IAAAA,kBAAkB,CAACU,UAAnB,GAAgC3B,OAAO,CAAC0B,SAAxC;AACD;;AAED,QAAME,UAAU,GAAGC,KAAK,CAACC,WAAN,CAAkB,QAAlB,EAA4B5B,MAA5B,EAAoCF,OAApC,CAAnB,CArDyE,CAsDzE;;;AACAL,EAAAA,MAAM,CAACuB,MAAP,CAAcD,kBAAd,EAAkC;AAChC,qBAAiB,MADe;AAEhC,iBAAcf,MAAM,CAAC6B,QAFW;AAGhC,aAASnB,MAAM,CAACoB,IAAP,CAAY,GAAZ,CAHuB;AAGL;AAC3B,oBAAgBH,KAAK,CAACI,YAAN,CAAmB,QAAnB,EAA6B/B,MAA7B,CAJgB;AAKhC,aAAS2B,KAAK,CAACK,WAAN,CAAkBN,UAAlB,EAA8BpB,eAA9B,EAA+CR,OAAO,CAACmC,WAAvD;AALuB,GAAlC;AAOA,QAAMC,QAAQ,GAAG,+CACfzC,MAAM,CAACqB,IAAP,CAAYC,kBAAZ,EAAgCoB,GAAhC,CAAoCC,KAAK,cACpCC,kBAAkB,CAACD,KAAD,CADkB,cACPC,kBAAkB,CAACtB,kBAAkB,CAACqB,KAAD,CAAnB,CADX,CAAzC,EAEEN,IAFF,CAEO,GAFP,CADF;AAKAH,EAAAA,KAAK,CAACW,WAAN,CAAkB;AAChBC,IAAAA,YAAY,EAAE,QADE;AAEhBb,IAAAA,UAFgB;AAGhBQ,IAAAA,QAHgB;AAIhBnC,IAAAA,iCAJgB;AAKhBO,IAAAA,eALgB;AAMhBkC,IAAAA,YAAY,EAAE;AAAEC,MAAAA,MAAM,EAAE;AAAV;AANE,GAAlB;AAQD,CA3ED","sourcesContent":["import Google from './namespace.js';\n\nconst hasOwn = Object.prototype.hasOwnProperty;\n\nconst ILLEGAL_PARAMETERS = {\n  'response_type': 1,\n  'client_id': 1,\n  'scope': 1,\n  'redirect_uri': 1,\n  'state': 1\n};\n\n// Request Google credentials for the user\n// @param options {optional}\n// @param credentialRequestCompleteCallback {Function} Callback function to call on\n//   completion. Takes one argument, credentialToken on success, or Error on\n//   error.\nGoogle.requestCredential = (options, credentialRequestCompleteCallback) => {\n  // support both (options, callback) and (callback).\n  if (!credentialRequestCompleteCallback && typeof options === 'function') {\n    credentialRequestCompleteCallback = options;\n    options = {};\n  } else if (!options) {\n    options = {};\n  }\n\n  const config = ServiceConfiguration.configurations.findOne({service: 'google'});\n  if (!config) {\n    credentialRequestCompleteCallback && credentialRequestCompleteCallback(\n      new ServiceConfiguration.ConfigError());\n    return;\n  }\n\n  const credentialToken = Random.secret();\n\n  // we need the email scope to get user id from google.\n  const requiredScopes = { 'email': 1 };\n  let scopes = options.requestPermissions || ['profile'];\n  scopes.forEach(scope => requiredScopes[scope] = 1);\n  scopes = Object.keys(requiredScopes);\n\n  const loginUrlParameters = {};\n  if (config.loginUrlParameters){\n    Object.assign(loginUrlParameters, config.loginUrlParameters);\n  }\n  if (options.loginUrlParameters){\n    Object.assign(loginUrlParameters, options.loginUrlParameters);\n  }\n\n  // validate options keys\n  Object.keys(loginUrlParameters).forEach(key => {\n    if (hasOwn.call(ILLEGAL_PARAMETERS, key)) {\n      throw new Error(`Google.requestCredential: Invalid loginUrlParameter: ${key}`);\n    }\n  });\n\n  // backwards compatible options\n  if (options.requestOfflineToken != null){\n    loginUrlParameters.access_type = options.requestOfflineToken ? 'offline' : 'online'\n  }\n  if (options.prompt != null) {\n    loginUrlParameters.prompt = options.prompt;\n  } else if (options.forceApprovalPrompt) {\n    loginUrlParameters.prompt = 'consent'\n  }\n\n  if (options.loginHint) {\n    loginUrlParameters.login_hint = options.loginHint;\n  }\n\n  const loginStyle = OAuth._loginStyle('google', config, options);\n  // https://developers.google.com/accounts/docs/OAuth2WebServer#formingtheurl\n  Object.assign(loginUrlParameters, {\n    \"response_type\": \"code\",\n    \"client_id\":  config.clientId,\n    \"scope\": scopes.join(' '), // space delimited\n    \"redirect_uri\": OAuth._redirectUri('google', config),\n    \"state\": OAuth._stateParam(loginStyle, credentialToken, options.redirectUrl)\n  });\n  const loginUrl = 'https://accounts.google.com/o/oauth2/auth?' +\n    Object.keys(loginUrlParameters).map(param => \n      `${encodeURIComponent(param)}=${encodeURIComponent(loginUrlParameters[param])}`\n    ).join(\"&\");\n\n  OAuth.launchLogin({\n    loginService: \"google\",\n    loginStyle,\n    loginUrl,\n    credentialRequestCompleteCallback,\n    credentialToken,\n    popupOptions: { height: 600 }\n  });\n};\n"]},"sourceType":"script","hash":"e5962b00c72f7ee4919bee1c5c8377d0c40a5b2b"}
