{"metadata":{},"options":{"compact":false,"sourceMaps":true,"ast":true,"babelrc":false,"configFile":false,"parserOpts":{"sourceType":"module","sourceFileName":"/home/tokir/Meteor/SocialMediaProject/social-network/lib/post.js","plugins":["*","flow","jsx","asyncGenerators","bigInt","classPrivateMethods","classPrivateProperties","classProperties","doExpressions","dynamicImport","exportDefaultFrom","exportExtensions","exportNamespaceFrom","functionBind","functionSent","importMeta","nullishCoalescingOperator","numericSeparator","objectRestSpread","optionalCatchBinding","optionalChaining",["pipelineOperator",{"proposal":"minimal"}],"throwExpressions","jsx",["flow",{}],["flow",{}],"objectRestSpread","objectRestSpread","dynamicImport","asyncGenerators","classProperties","classPrivateProperties"],"allowImportExportEverywhere":true,"allowReturnOutsideFunction":true,"strictMode":false},"caller":{"name":"meteor","arch":"os.linux.x86_64"},"sourceFileName":"lib/post.js","filename":"/home/tokir/Meteor/SocialMediaProject/social-network/lib/post.js","passPerPreset":false,"envName":"development","cwd":"/home/tokir/Meteor/SocialMediaProject/social-network","root":"/home/tokir/Meteor/SocialMediaProject/social-network","plugins":[{"key":"transform-react-jsx","visitor":{"_exploded":{},"_verified":{},"JSXNamespacedName":{"enter":[null]},"JSXSpreadChild":{"enter":[null]},"JSXElement":{"exit":[null]},"JSXFragment":{"exit":[null]},"Program":{"enter":[null],"exit":[null]},"JSXAttribute":{"enter":[null]}},"options":{"pragma":"React.createElement","pragmaFrag":"React.Fragment","throwIfNamespace":true,"useBuiltIns":false}},{"key":"transform-react-display-name","visitor":{"ExportDefaultDeclaration":{"enter":[null]},"CallExpression":{"enter":[null]},"_exploded":true,"_verified":true},"options":{}},{"key":"base$0$0","visitor":{"Program":{"enter":[null]},"_exploded":true,"_verified":true},"options":{"generateLetDeclarations":true,"enforceStrictMode":false}},{"key":"syntax-flow","visitor":{"_exploded":true,"_verified":true},"options":{}},{"key":"transform-flow-strip-types","visitor":{"_exploded":{},"_verified":{},"Program":{"enter":[null]},"ImportDeclaration":{"enter":[null,null]},"ClassProperty":{"enter":[null]},"ClassPrivateProperty":{"enter":[null]},"AssignmentPattern":{"enter":[null]},"TypeCastExpression":{"enter":[null,null]},"CallExpression":{"enter":[null]},"OptionalCallExpression":{"enter":[null]},"NewExpression":{"enter":[null]},"ImportSpecifier":{"enter":[null]},"ClassDeclaration":{"enter":[null]},"ClassExpression":{"enter":[null]},"FunctionDeclaration":{"enter":[null]},"FunctionExpression":{"enter":[null]},"ObjectMethod":{"enter":[null]},"ArrowFunctionExpression":{"enter":[null]},"ClassMethod":{"enter":[null]},"ClassPrivateMethod":{"enter":[null]},"AnyTypeAnnotation":{"enter":[null]},"ArrayTypeAnnotation":{"enter":[null]},"BooleanTypeAnnotation":{"enter":[null]},"BooleanLiteralTypeAnnotation":{"enter":[null]},"NullLiteralTypeAnnotation":{"enter":[null]},"ClassImplements":{"enter":[null]},"DeclareClass":{"enter":[null]},"DeclareFunction":{"enter":[null]},"DeclareInterface":{"enter":[null]},"DeclareModule":{"enter":[null]},"DeclareModuleExports":{"enter":[null]},"DeclareTypeAlias":{"enter":[null]},"DeclareOpaqueType":{"enter":[null]},"DeclareVariable":{"enter":[null]},"DeclareExportDeclaration":{"enter":[null]},"DeclareExportAllDeclaration":{"enter":[null]},"DeclaredPredicate":{"enter":[null]},"ExistsTypeAnnotation":{"enter":[null]},"FunctionTypeAnnotation":{"enter":[null]},"FunctionTypeParam":{"enter":[null]},"GenericTypeAnnotation":{"enter":[null]},"InferredPredicate":{"enter":[null]},"InterfaceExtends":{"enter":[null]},"InterfaceDeclaration":{"enter":[null]},"InterfaceTypeAnnotation":{"enter":[null]},"IntersectionTypeAnnotation":{"enter":[null]},"MixedTypeAnnotation":{"enter":[null]},"EmptyTypeAnnotation":{"enter":[null]},"NullableTypeAnnotation":{"enter":[null]},"NumberLiteralTypeAnnotation":{"enter":[null]},"NumberTypeAnnotation":{"enter":[null]},"ObjectTypeAnnotation":{"enter":[null]},"ObjectTypeInternalSlot":{"enter":[null]},"ObjectTypeCallProperty":{"enter":[null]},"ObjectTypeIndexer":{"enter":[null]},"ObjectTypeProperty":{"enter":[null]},"ObjectTypeSpreadProperty":{"enter":[null]},"OpaqueType":{"enter":[null]},"QualifiedTypeIdentifier":{"enter":[null]},"StringLiteralTypeAnnotation":{"enter":[null]},"StringTypeAnnotation":{"enter":[null]},"ThisTypeAnnotation":{"enter":[null]},"TupleTypeAnnotation":{"enter":[null]},"TypeofTypeAnnotation":{"enter":[null]},"TypeAlias":{"enter":[null]},"TypeAnnotation":{"enter":[null]},"TypeParameter":{"enter":[null]},"TypeParameterDeclaration":{"enter":[null]},"TypeParameterInstantiation":{"enter":[null]},"UnionTypeAnnotation":{"enter":[null]},"Variance":{"enter":[null]},"VoidTypeAnnotation":{"enter":[null]},"ExportAllDeclaration":{"enter":[null]},"ExportDefaultDeclaration":{"enter":[null]},"ExportNamedDeclaration":{"enter":[null]}},"options":{}},{"key":"transform-runtime","visitor":{"CallExpression":{"enter":[null]},"BinaryExpression":{"enter":[null]},"MemberExpression":{"enter":[null],"exit":[null]},"_exploded":true,"_verified":true,"Identifier":{"enter":[null]},"JSXIdentifier":{"enter":[null]}},"options":{}},{"key":"syntax-object-rest-spread","visitor":{"_exploded":true,"_verified":true},"options":{}},{"key":"proposal-object-rest-spread","visitor":{"_exploded":{},"_verified":{},"VariableDeclarator":{"enter":[null]},"ExportNamedDeclaration":{"enter":[null]},"CatchClause":{"enter":[null]},"AssignmentExpression":{"enter":[null]},"ObjectExpression":{"enter":[null]},"FunctionDeclaration":{"enter":[null]},"FunctionExpression":{"enter":[null]},"ObjectMethod":{"enter":[null]},"ArrowFunctionExpression":{"enter":[null]},"ClassMethod":{"enter":[null]},"ClassPrivateMethod":{"enter":[null]},"ForInStatement":{"enter":[null]},"ForOfStatement":{"enter":[null]}},"options":{}},{"key":"transform-meteor-async-await","visitor":{"AwaitExpression":{"enter":[null]},"_exploded":true,"_verified":true,"FunctionDeclaration":{"exit":[null]},"FunctionExpression":{"exit":[null]},"ObjectMethod":{"exit":[null]},"ArrowFunctionExpression":{"exit":[null]},"ClassMethod":{"exit":[null]},"ClassPrivateMethod":{"exit":[null]}},"options":{"useNativeAsyncAwait":false}},{"key":"transform-meteor-dynamic-import","visitor":{"_exploded":{},"_verified":{},"CallExpression":{"enter":[null]}},"options":{}},{"key":"proposal-async-generator-functions","visitor":{"_exploded":{},"_verified":{},"Program":{"enter":[null]}},"options":{}},{"key":"transform-modules-commonjs","visitor":{"Program":{"exit":[null]},"_exploded":true,"_verified":true},"options":{"allowTopLevelThis":true,"strictMode":false,"loose":true}},{"key":"proposal-class-properties","visitor":{"PrivateName":{"enter":[null]},"ExportDefaultDeclaration":{"enter":[null]},"_exploded":true,"_verified":true,"ClassDeclaration":{"enter":[null]},"ClassExpression":{"enter":[null]}},"options":{"loose":true}}],"presets":[],"generatorOpts":{"filename":"/home/tokir/Meteor/SocialMediaProject/social-network/lib/post.js","comments":true,"compact":false,"sourceMaps":true,"sourceFileName":"lib/post.js"}},"code":"Post = new Mongo.Collection('post');\nMeteor.methods({\n  addPost: function (content) {\n    if (!Meteor.userId()) {\n      throw new Meteor.Error('not-authorized', 'you are not signed in');\n    }\n\n    var username = Meteor.user().username;\n    Post.insert({\n      content: content,\n      created: new Date(),\n      username: username\n    });\n  },\n  follow: function (post) {\n    //get current user\n    var user = Meteor.user();\n\n    if (!user) {\n      throw new Meteor.Error('not-authorized', 'you are not signed in');\n    } //you can't follow yourself.\n    //you can't follow someone twice\n\n\n    if (user.username != post.username && user.profile.follow.indexOf(post.username) == -1) {\n      Meteor.users.update({\n        _id: user._id\n      }, {\n        $push: {\n          'profile.follow': post.username\n        }\n      });\n    }\n  }\n});","map":{"version":3,"sources":["lib/post.js"],"names":["Post","Mongo","Collection","Meteor","methods","addPost","content","userId","Error","username","user","insert","created","Date","follow","post","profile","indexOf","users","update","_id","$push"],"mappings":"AAAAA,IAAI,GAAG,IAAIC,KAAK,CAACC,UAAV,CAAqB,MAArB,CAAP;AAEAC,MAAM,CAACC,OAAP,CAAe;AACbC,EAAAA,OAAO,EAAE,UAASC,OAAT,EAAiB;AACxB,QAAG,CAACH,MAAM,CAACI,MAAP,EAAJ,EAAqB;AACnB,YAAM,IAAIJ,MAAM,CAACK,KAAX,CAAiB,gBAAjB,EAAmC,uBAAnC,CAAN;AACD;;AAED,QAAIC,QAAQ,GAAGN,MAAM,CAACO,IAAP,GAAcD,QAA7B;AAEAT,IAAAA,IAAI,CAACW,MAAL,CAAY;AACVL,MAAAA,OAAO,EAAEA,OADC;AAEVM,MAAAA,OAAO,EAAE,IAAIC,IAAJ,EAFC;AAGVJ,MAAAA,QAAQ,EAAEA;AAHA,KAAZ;AAKD,GAbY;AAcbK,EAAAA,MAAM,EAAE,UAASC,IAAT,EAAe;AACrB;AACA,QAAIL,IAAI,GAAGP,MAAM,CAACO,IAAP,EAAX;;AAEA,QAAG,CAACA,IAAJ,EAAU;AACR,YAAM,IAAIP,MAAM,CAACK,KAAX,CAAiB,gBAAjB,EAAmC,uBAAnC,CAAN;AACD,KANoB,CAQrB;AACA;;;AACA,QAAGE,IAAI,CAACD,QAAL,IAAiBM,IAAI,CAACN,QAAtB,IAAkCC,IAAI,CAACM,OAAL,CAAaF,MAAb,CAAoBG,OAApB,CAA4BF,IAAI,CAACN,QAAjC,KAA8C,CAAC,CAApF,EAAuF;AACrFN,MAAAA,MAAM,CAACe,KAAP,CAAaC,MAAb,CACE;AAACC,QAAAA,GAAG,EAAEV,IAAI,CAACU;AAAX,OADF,EAEE;AAACC,QAAAA,KAAK,EAAE;AAAC,4BAAkBN,IAAI,CAACN;AAAxB;AAAR,OAFF;AAID;AACF;AA9BY,CAAf","sourcesContent":["Post = new Mongo.Collection('post');\n\nMeteor.methods({\n  addPost: function(content){\n    if(!Meteor.userId()) {\n      throw new Meteor.Error('not-authorized', 'you are not signed in');\n    }\n\n    var username = Meteor.user().username;\n\n    Post.insert({\n      content: content,\n      created: new Date(),\n      username: username\n    });\n  },\n  follow: function(post) {\n    //get current user\n    var user = Meteor.user();\n\n    if(!user) {\n      throw new Meteor.Error('not-authorized', 'you are not signed in');\n    }\n\n    //you can't follow yourself.\n    //you can't follow someone twice\n    if(user.username != post.username && user.profile.follow.indexOf(post.username) == -1) {\n      Meteor.users.update(\n        {_id: user._id},\n        {$push: {'profile.follow': post.username}\n      });\n    }\n  }\n});\n"]},"sourceType":"script","hash":"edb6a01c429c4dd8c047cf00eebbaf6982e1322a"}
