{"metadata":{},"options":{"compact":false,"sourceMaps":true,"ast":true,"babelrc":false,"configFile":false,"parserOpts":{"sourceType":"module","sourceFileName":"/home/tokir/Meteor/SocialMediaProject/social-network/packages/accounts-oauth/oauth_common.js","plugins":["*","flow","jsx","asyncGenerators","bigInt","classPrivateMethods","classPrivateProperties","classProperties","doExpressions","dynamicImport","exportDefaultFrom","exportExtensions","exportNamespaceFrom","functionBind","functionSent","importMeta","nullishCoalescingOperator","numericSeparator","objectRestSpread","optionalCatchBinding","optionalChaining",["pipelineOperator",{"proposal":"minimal"}],"throwExpressions","dynamicImport","classProperties","classPrivateProperties","jsx",["flow",{}],"asyncGenerators","objectRestSpread","objectRestSpread",["flow",{}],"asyncGenerators"],"allowImportExportEverywhere":true,"allowReturnOutsideFunction":true,"strictMode":false},"caller":{"name":"meteor","arch":"web.browser"},"sourceFileName":"packages/accounts-oauth/oauth_common.js","filename":"/home/tokir/Meteor/SocialMediaProject/social-network/packages/accounts-oauth/oauth_common.js","passPerPreset":false,"envName":"development","cwd":"/home/tokir/Meteor/SocialMediaProject/social-network","root":"/home/tokir/Meteor/SocialMediaProject/social-network","plugins":[{"key":"base$0$0","visitor":{"Program":{"enter":[null]},"_exploded":true,"_verified":true},"options":{"generateLetDeclarations":true,"enforceStrictMode":false}},{"key":"transform-meteor-dynamic-import","visitor":{"_exploded":{},"_verified":{},"CallExpression":{"enter":[null]}},"options":{}},{"key":"transform-runtime","visitor":{"CallExpression":{"enter":[null]},"BinaryExpression":{"enter":[null]},"MemberExpression":{"enter":[null],"exit":[null]},"_exploded":true,"_verified":true,"Identifier":{"enter":[null]},"JSXIdentifier":{"enter":[null]}},"options":{}},{"key":"proposal-class-properties","visitor":{"PrivateName":{"enter":[null]},"ExportDefaultDeclaration":{"enter":[null]},"_exploded":true,"_verified":true,"ClassDeclaration":{"enter":[null]},"ClassExpression":{"enter":[null]}},"options":{"loose":true}},{"key":"transform-modules-commonjs","visitor":{"Program":{"exit":[null]},"_exploded":true,"_verified":true},"options":{"allowTopLevelThis":true,"strictMode":false,"loose":true}},{"key":"transform-react-jsx","visitor":{"_exploded":{},"_verified":{},"JSXNamespacedName":{"enter":[null]},"JSXSpreadChild":{"enter":[null]},"JSXElement":{"exit":[null]},"JSXFragment":{"exit":[null]},"Program":{"enter":[null],"exit":[null]},"JSXAttribute":{"enter":[null]}},"options":{"pragma":"React.createElement","pragmaFrag":"React.Fragment","throwIfNamespace":true,"useBuiltIns":false}},{"key":"transform-react-display-name","visitor":{"ExportDefaultDeclaration":{"enter":[null]},"CallExpression":{"enter":[null]},"_exploded":true,"_verified":true},"options":{}},{"key":"syntax-flow","visitor":{"_exploded":true,"_verified":true},"options":{}},{"key":"syntax-async-generators","visitor":{"_exploded":true,"_verified":true},"options":{}},{"key":"syntax-object-rest-spread","visitor":{"_exploded":true,"_verified":true},"options":{}},{"key":"transform-for-of","visitor":{"ForOfStatement":{"enter":[null]},"_exploded":true,"_verified":true},"options":{"loose":true}},{"key":"transform-literals","visitor":{"NumericLiteral":{"enter":[null]},"StringLiteral":{"enter":[null]},"_exploded":true,"_verified":true},"options":{}},{"key":"transform-template-literals","visitor":{"TaggedTemplateExpression":{"enter":[null]},"TemplateLiteral":{"enter":[null]},"_exploded":true,"_verified":true},"options":{}},{"key":"transform-parameters","visitor":{"_exploded":true,"_verified":true,"FunctionDeclaration":{"enter":[null]},"FunctionExpression":{"enter":[null]},"ObjectMethod":{"enter":[null]},"ArrowFunctionExpression":{"enter":[null]},"ClassMethod":{"enter":[null]},"ClassPrivateMethod":{"enter":[null]}},"options":{}},{"key":"proposal-object-rest-spread","visitor":{"_exploded":{},"_verified":{},"VariableDeclarator":{"enter":[null]},"ExportNamedDeclaration":{"enter":[null]},"CatchClause":{"enter":[null]},"AssignmentExpression":{"enter":[null]},"ObjectExpression":{"enter":[null]},"FunctionDeclaration":{"enter":[null]},"FunctionExpression":{"enter":[null]},"ObjectMethod":{"enter":[null]},"ArrowFunctionExpression":{"enter":[null]},"ClassMethod":{"enter":[null]},"ClassPrivateMethod":{"enter":[null]},"ForInStatement":{"enter":[null]},"ForOfStatement":{"enter":[null]}},"options":{}},{"key":"transform-flow-strip-types","visitor":{"_exploded":{},"_verified":{},"Program":{"enter":[null]},"ImportDeclaration":{"enter":[null,null]},"ClassProperty":{"enter":[null]},"ClassPrivateProperty":{"enter":[null]},"AssignmentPattern":{"enter":[null]},"TypeCastExpression":{"enter":[null,null]},"CallExpression":{"enter":[null]},"OptionalCallExpression":{"enter":[null]},"NewExpression":{"enter":[null]},"ImportSpecifier":{"enter":[null]},"ClassDeclaration":{"enter":[null]},"ClassExpression":{"enter":[null]},"FunctionDeclaration":{"enter":[null]},"FunctionExpression":{"enter":[null]},"ObjectMethod":{"enter":[null]},"ArrowFunctionExpression":{"enter":[null]},"ClassMethod":{"enter":[null]},"ClassPrivateMethod":{"enter":[null]},"AnyTypeAnnotation":{"enter":[null]},"ArrayTypeAnnotation":{"enter":[null]},"BooleanTypeAnnotation":{"enter":[null]},"BooleanLiteralTypeAnnotation":{"enter":[null]},"NullLiteralTypeAnnotation":{"enter":[null]},"ClassImplements":{"enter":[null]},"DeclareClass":{"enter":[null]},"DeclareFunction":{"enter":[null]},"DeclareInterface":{"enter":[null]},"DeclareModule":{"enter":[null]},"DeclareModuleExports":{"enter":[null]},"DeclareTypeAlias":{"enter":[null]},"DeclareOpaqueType":{"enter":[null]},"DeclareVariable":{"enter":[null]},"DeclareExportDeclaration":{"enter":[null]},"DeclareExportAllDeclaration":{"enter":[null]},"DeclaredPredicate":{"enter":[null]},"ExistsTypeAnnotation":{"enter":[null]},"FunctionTypeAnnotation":{"enter":[null]},"FunctionTypeParam":{"enter":[null]},"GenericTypeAnnotation":{"enter":[null]},"InferredPredicate":{"enter":[null]},"InterfaceExtends":{"enter":[null]},"InterfaceDeclaration":{"enter":[null]},"InterfaceTypeAnnotation":{"enter":[null]},"IntersectionTypeAnnotation":{"enter":[null]},"MixedTypeAnnotation":{"enter":[null]},"EmptyTypeAnnotation":{"enter":[null]},"NullableTypeAnnotation":{"enter":[null]},"NumberLiteralTypeAnnotation":{"enter":[null]},"NumberTypeAnnotation":{"enter":[null]},"ObjectTypeAnnotation":{"enter":[null]},"ObjectTypeInternalSlot":{"enter":[null]},"ObjectTypeCallProperty":{"enter":[null]},"ObjectTypeIndexer":{"enter":[null]},"ObjectTypeProperty":{"enter":[null]},"ObjectTypeSpreadProperty":{"enter":[null]},"OpaqueType":{"enter":[null]},"QualifiedTypeIdentifier":{"enter":[null]},"StringLiteralTypeAnnotation":{"enter":[null]},"StringTypeAnnotation":{"enter":[null]},"ThisTypeAnnotation":{"enter":[null]},"TupleTypeAnnotation":{"enter":[null]},"TypeofTypeAnnotation":{"enter":[null]},"TypeAlias":{"enter":[null]},"TypeAnnotation":{"enter":[null]},"TypeParameter":{"enter":[null]},"TypeParameterDeclaration":{"enter":[null]},"TypeParameterInstantiation":{"enter":[null]},"UnionTypeAnnotation":{"enter":[null]},"Variance":{"enter":[null]},"VoidTypeAnnotation":{"enter":[null]},"ExportAllDeclaration":{"enter":[null]},"ExportDefaultDeclaration":{"enter":[null]},"ExportNamedDeclaration":{"enter":[null]}},"options":{}},{"key":"transform-exponentiation-operator","visitor":{"AssignmentExpression":{"enter":[null]},"BinaryExpression":{"enter":[null]},"_exploded":true,"_verified":true},"options":{}},{"key":"proposal-async-generator-functions","visitor":{"_exploded":{},"_verified":{},"Program":{"enter":[null]}},"options":{}}],"presets":[],"generatorOpts":{"filename":"/home/tokir/Meteor/SocialMediaProject/social-network/packages/accounts-oauth/oauth_common.js","comments":true,"compact":false,"sourceMaps":true,"sourceFileName":"packages/accounts-oauth/oauth_common.js"}},"code":"Accounts.oauth = {};\nconst services = {};\nconst hasOwn = Object.prototype.hasOwnProperty; // Helper for registering OAuth based accounts packages.\n// On the server, adds an index to the user collection.\n\nAccounts.oauth.registerService = name => {\n  if (hasOwn.call(services, name)) throw new Error(\"Duplicate service: \".concat(name));\n  services[name] = true;\n\n  if (Meteor.server) {\n    // Accounts.updateOrCreateUserFromExternalService does a lookup by this id,\n    // so this should be a unique index. You might want to add indexes for other\n    // fields returned by your service (eg services.github.login) but you can do\n    // that in your app.\n    Meteor.users._ensureIndex(\"services.\".concat(name, \".id\"), {\n      unique: 1,\n      sparse: 1\n    });\n  }\n}; // Removes a previously registered service.\n// This will disable logging in with this service, and serviceNames() will not\n// contain it.\n// It's worth noting that already logged in users will remain logged in unless\n// you manually expire their sessions.\n\n\nAccounts.oauth.unregisterService = name => {\n  if (!hasOwn.call(services, name)) throw new Error(\"Service not found: \".concat(name));\n  delete services[name];\n};\n\nAccounts.oauth.serviceNames = () => Object.keys(services);","map":{"version":3,"sources":["packages/accounts-oauth/oauth_common.js"],"names":["Accounts","oauth","services","hasOwn","Object","prototype","hasOwnProperty","registerService","name","call","Error","Meteor","server","users","_ensureIndex","unique","sparse","unregisterService","serviceNames","keys"],"mappings":"AAAAA,QAAQ,CAACC,KAAT,GAAiB,EAAjB;AAEA,MAAMC,QAAQ,GAAG,EAAjB;AACA,MAAMC,MAAM,GAAGC,MAAM,CAACC,SAAP,CAAiBC,cAAhC,C,CAEA;AACA;;AACAN,QAAQ,CAACC,KAAT,CAAeM,eAAf,GAAiCC,IAAI,IAAI;AACvC,MAAIL,MAAM,CAACM,IAAP,CAAYP,QAAZ,EAAsBM,IAAtB,CAAJ,EACE,MAAM,IAAIE,KAAJ,8BAAgCF,IAAhC,EAAN;AACFN,EAAAA,QAAQ,CAACM,IAAD,CAAR,GAAiB,IAAjB;;AAEA,MAAIG,MAAM,CAACC,MAAX,EAAmB;AACjB;AACA;AACA;AACA;AACAD,IAAAA,MAAM,CAACE,KAAP,CAAaC,YAAb,oBAAsCN,IAAtC,UAAiD;AAACO,MAAAA,MAAM,EAAE,CAAT;AAAYC,MAAAA,MAAM,EAAE;AAApB,KAAjD;AACD;AACF,CAZD,C,CAcA;AACA;AACA;AACA;AACA;;;AACAhB,QAAQ,CAACC,KAAT,CAAegB,iBAAf,GAAmCT,IAAI,IAAI;AACzC,MAAI,CAACL,MAAM,CAACM,IAAP,CAAYP,QAAZ,EAAsBM,IAAtB,CAAL,EACE,MAAM,IAAIE,KAAJ,8BAAgCF,IAAhC,EAAN;AACF,SAAON,QAAQ,CAACM,IAAD,CAAf;AACD,CAJD;;AAMAR,QAAQ,CAACC,KAAT,CAAeiB,YAAf,GAA8B,MAAMd,MAAM,CAACe,IAAP,CAAYjB,QAAZ,CAApC","sourcesContent":["Accounts.oauth = {};\n\nconst services = {};\nconst hasOwn = Object.prototype.hasOwnProperty;\n\n// Helper for registering OAuth based accounts packages.\n// On the server, adds an index to the user collection.\nAccounts.oauth.registerService = name => {\n  if (hasOwn.call(services, name))\n    throw new Error(`Duplicate service: ${name}`);\n  services[name] = true;\n\n  if (Meteor.server) {\n    // Accounts.updateOrCreateUserFromExternalService does a lookup by this id,\n    // so this should be a unique index. You might want to add indexes for other\n    // fields returned by your service (eg services.github.login) but you can do\n    // that in your app.\n    Meteor.users._ensureIndex(`services.${name}.id`, {unique: 1, sparse: 1});\n  }\n};\n\n// Removes a previously registered service.\n// This will disable logging in with this service, and serviceNames() will not\n// contain it.\n// It's worth noting that already logged in users will remain logged in unless\n// you manually expire their sessions.\nAccounts.oauth.unregisterService = name => {\n  if (!hasOwn.call(services, name))\n    throw new Error(`Service not found: ${name}`);\n  delete services[name];\n};\n\nAccounts.oauth.serviceNames = () => Object.keys(services);\n"]},"sourceType":"script","hash":"ffa8aef2dd0a172ff6f535b4aadbbe842e3f88c0"}
